photo,lien,statut,titre_dans_l_adresse
39670628,https://www.pexels.com/photo/39670628/,sans titre,
39670627,https://www.pexels.com/photo/39670627/,sans titre,
39670626,https://www.pexels.com/photo/39670626/,sans titre,
39670625,https://www.pexels.com/photo/39670625/,sans titre,
39670624,https://www.pexels.com/photo/39670624/,sans titre,
39670623,https://www.pexels.com/photo/39670623/,sans titre,
39670622,https://www.pexels.com/photo/39670622/,sans titre,
39670621,https://www.pexels.com/photo/39670621/,sans titre,
39670620,https://www.pexels.com/photo/39670620/,sans titre,
39670619,https://www.pexels.com/photo/39670619/,sans titre,
39650070,https://www.pexels.com/photo/39650070/,sans titre,
39632230,https://www.pexels.com/photo/39632230/,sans titre,
39632229,https://www.pexels.com/photo/39632229/,sans titre,
39632228,https://www.pexels.com/photo/39632228/,sans titre,
39595392,https://www.pexels.com/photo/39595392/,sans titre,
39595391,https://www.pexels.com/photo/39595391/,titré,stunning night sky with milky way in galicia
39575548,https://www.pexels.com/photo/39575548/,sans titre,
39575547,https://www.pexels.com/photo/39575547/,sans titre,
39575546,https://www.pexels.com/photo/39575546/,sans titre,
39575545,https://www.pexels.com/photo/39575545/,sans titre,
39564918,https://www.pexels.com/photo/39564918/,sans titre,
39564917,https://www.pexels.com/photo/39564917/,sans titre,
39564916,https://www.pexels.com/photo/39564916/,sans titre,
39564915,https://www.pexels.com/photo/39564915/,sans titre,
39564914,https://www.pexels.com/photo/39564914/,sans titre,
39564913,https://www.pexels.com/photo/39564913/,sans titre,
39550974,https://www.pexels.com/photo/39550974/,sans titre,
39550973,https://www.pexels.com/photo/39550973/,sans titre,
39550972,https://www.pexels.com/photo/39550972/,sans titre,
39532050,https://www.pexels.com/photo/39532050/,sans titre,
39532049,https://www.pexels.com/photo/39532049/,sans titre,
39532048,https://www.pexels.com/photo/39532048/,titré,vibrant pink cosmos flower in sunlight
39517013,https://www.pexels.com/photo/39517013/,sans titre,
39517001,https://www.pexels.com/photo/39517001/,sans titre,
39517000,https://www.pexels.com/photo/39517000/,titré,historic plateresque building in spain
39516999,https://www.pexels.com/photo/39516999/,titré,elegant architectural details in spanish setting
39455694,https://www.pexels.com/photo/39455694/,sans titre,
39455693,https://www.pexels.com/photo/39455693/,sans titre,
39455692,https://www.pexels.com/photo/39455692/,sans titre,
39434692,https://www.pexels.com/photo/39434692/,sans titre,
39434691,https://www.pexels.com/photo/39434691/,sans titre,
39434690,https://www.pexels.com/photo/39434690/,sans titre,
39434689,https://www.pexels.com/photo/39434689/,sans titre,
39434688,https://www.pexels.com/photo/39434688/,titré,weathered vintage door close up texture
39423924,https://www.pexels.com/photo/39423924/,sans titre,
39423923,https://www.pexels.com/photo/39423923/,sans titre,
39423922,https://www.pexels.com/photo/39423922/,titré,charming street view of irun architecture
39423921,https://www.pexels.com/photo/39423921/,titré,historic town hall in irun s city center
39423920,https://www.pexels.com/photo/39423920/,titré,silver car parked near crosswalk in irun
39386274,https://www.pexels.com/photo/39386274/,titré,monument aux girondins sculpture in bordeaux
39386273,https://www.pexels.com/photo/39386273/,sans titre,
39386272,https://www.pexels.com/photo/39386272/,sans titre,
39386271,https://www.pexels.com/photo/39386271/,titré,monument aux girondins fountain in bordeaux france
39376206,https://www.pexels.com/photo/39376206/,sans titre,
39376205,https://www.pexels.com/photo/39376205/,titré,angel sculpture at monument aux girondins
39363487,https://www.pexels.com/photo/39363487/,sans titre,
39363486,https://www.pexels.com/photo/39363486/,sans titre,
39359766,https://www.pexels.com/photo/39359766/,sans titre,
39359765,https://www.pexels.com/photo/39359765/,sans titre,
39359764,https://www.pexels.com/photo/39359764/,sans titre,
39359763,https://www.pexels.com/photo/39359763/,sans titre,
39359762,https://www.pexels.com/photo/39359762/,sans titre,
39359761,https://www.pexels.com/photo/39359761/,sans titre,
39359760,https://www.pexels.com/photo/39359760/,sans titre,
39359759,https://www.pexels.com/photo/39359759/,sans titre,
39359758,https://www.pexels.com/photo/39359758/,sans titre,
39296056,https://www.pexels.com/photo/39296056/,titré,border collie in lush greenery outdoors
39296055,https://www.pexels.com/photo/39296055/,sans titre,
39296054,https://www.pexels.com/photo/39296054/,titré,border collie peeking through lush greenery
39241587,https://www.pexels.com/photo/39241587/,sans titre,
39241472,https://www.pexels.com/photo/39241472/,sans titre,
39238259,https://www.pexels.com/photo/39238259/,sans titre,
39238258,https://www.pexels.com/photo/39238258/,sans titre,
39238257,https://www.pexels.com/photo/39238257/,sans titre,
39236039,https://www.pexels.com/photo/39236039/,sans titre,
39235898,https://www.pexels.com/photo/39235898/,sans titre,
39235897,https://www.pexels.com/photo/39235897/,sans titre,
39228699,https://www.pexels.com/photo/39228699/,sans titre,
39228275,https://www.pexels.com/photo/39228275/,titré,charolais cow grazing in bourgogne franche comte
39228274,https://www.pexels.com/photo/39228274/,titré,charming village in bourgogne franche comte
39228273,https://www.pexels.com/photo/39228273/,titré,historic romanesque church in buzy france
39228272,https://www.pexels.com/photo/39228272/,sans titre,
39228271,https://www.pexels.com/photo/39228271/,sans titre,
39228270,https://www.pexels.com/photo/39228270/,sans titre,
39228269,https://www.pexels.com/photo/39228269/,sans titre,
39228268,https://www.pexels.com/photo/39228268/,sans titre,
39228267,https://www.pexels.com/photo/39228267/,sans titre,
39228266,https://www.pexels.com/photo/39228266/,sans titre,
39212543,https://www.pexels.com/photo/39212543/,sans titre,
39212520,https://www.pexels.com/photo/39212520/,sans titre,
39212519,https://www.pexels.com/photo/39212519/,sans titre,
39212518,https://www.pexels.com/photo/39212518/,sans titre,
39212506,https://www.pexels.com/photo/39212506/,sans titre,
39212505,https://www.pexels.com/photo/39212505/,sans titre,
39212504,https://www.pexels.com/photo/39212504/,sans titre,
39208898,https://www.pexels.com/photo/39208898/,sans titre,
39208897,https://www.pexels.com/photo/39208897/,sans titre,
39208847,https://www.pexels.com/photo/39208847/,sans titre,
39208846,https://www.pexels.com/photo/39208846/,sans titre,
39208822,https://www.pexels.com/photo/39208822/,sans titre,
39208821,https://www.pexels.com/photo/39208821/,sans titre,
39182180,https://www.pexels.com/photo/39182180/,titré,close up of moss covered rocks in buzy france
39182179,https://www.pexels.com/photo/39182179/,sans titre,
39182178,https://www.pexels.com/photo/39182178/,sans titre,
39182177,https://www.pexels.com/photo/39182177/,sans titre,
39167576,https://www.pexels.com/photo/39167576/,sans titre,
39167575,https://www.pexels.com/photo/39167575/,sans titre,
39167574,https://www.pexels.com/photo/39167574/,sans titre,
39167573,https://www.pexels.com/photo/39167573/,sans titre,
39167572,https://www.pexels.com/photo/39167572/,sans titre,
39151963,https://www.pexels.com/photo/39151963/,sans titre,
39151962,https://www.pexels.com/photo/39151962/,sans titre,
39151961,https://www.pexels.com/photo/39151961/,sans titre,
39151960,https://www.pexels.com/photo/39151960/,sans titre,
38995522,https://www.pexels.com/photo/38995522/,sans titre,
38994579,https://www.pexels.com/photo/38994579/,sans titre,
38993636,https://www.pexels.com/photo/38993636/,sans titre,
38993497,https://www.pexels.com/photo/38993497/,sans titre,
38993391,https://www.pexels.com/photo/38993391/,sans titre,
38973354,https://www.pexels.com/photo/38973354/,sans titre,
38973353,https://www.pexels.com/photo/38973353/,sans titre,
38971694,https://www.pexels.com/photo/38971694/,sans titre,
38971384,https://www.pexels.com/photo/38971384/,sans titre,
38855700,https://www.pexels.com/photo/38855700/,sans titre,
38781489,https://www.pexels.com/photo/38781489/,titré,elegant gold wedding rings with gemstone accent
38712883,https://www.pexels.com/photo/38712883/,sans titre,
38712882,https://www.pexels.com/photo/38712882/,sans titre,
38712881,https://www.pexels.com/photo/38712881/,sans titre,
38712880,https://www.pexels.com/photo/38712880/,sans titre,
38712879,https://www.pexels.com/photo/38712879/,sans titre,
38712878,https://www.pexels.com/photo/38712878/,sans titre,
38712877,https://www.pexels.com/photo/38712877/,sans titre,
38708323,https://www.pexels.com/photo/38708323/,sans titre,
38708322,https://www.pexels.com/photo/38708322/,sans titre,
38708321,https://www.pexels.com/photo/38708321/,sans titre,
38708320,https://www.pexels.com/photo/38708320/,sans titre,
38708319,https://www.pexels.com/photo/38708319/,sans titre,
38694060,https://www.pexels.com/photo/38694060/,titré,stunning chateau de villandry gardens in france
38694059,https://www.pexels.com/photo/38694059/,titré,aerial view of villandry s iconic kitchen garden
38694058,https://www.pexels.com/photo/38694058/,titré,stunning french garden at chateau de villandry
38694057,https://www.pexels.com/photo/38694057/,titré,elegant parterre in villandry gardens
38694056,https://www.pexels.com/photo/38694056/,titré,intricate gardens of chateau de villandry france
38694055,https://www.pexels.com/photo/38694055/,titré,intricate gardens at chateau de villandry france
38694054,https://www.pexels.com/photo/38694054/,titré,aerial view of chateau de villandry gardens in france
38694053,https://www.pexels.com/photo/38694053/,sans titre,
38694052,https://www.pexels.com/photo/38694052/,titré,elegant french garden at villandry france
38694051,https://www.pexels.com/photo/38694051/,titré,elegant gardens of chateau de villandry
38694050,https://www.pexels.com/photo/38694050/,titré,aerial view of chateau de villandry gardens
38694049,https://www.pexels.com/photo/38694049/,sans titre,
38694048,https://www.pexels.com/photo/38694048/,titré,chateau de villandry scenic view france
38694047,https://www.pexels.com/photo/38694047/,titré,villandry gardens in summer france
38694046,https://www.pexels.com/photo/38694046/,sans titre,
38694045,https://www.pexels.com/photo/38694045/,titré,tranquil garden view in centre val de loire
38694044,https://www.pexels.com/photo/38694044/,titré,charming view of villandry gardens and church
38694043,https://www.pexels.com/photo/38694043/,titré,classic monochrome view of villandry gardens
38694042,https://www.pexels.com/photo/38694042/,titré,historic chateau de villandry exterior view
38694025,https://www.pexels.com/photo/38694025/,sans titre,
38688658,https://www.pexels.com/photo/38688658/,titré,scenic river with bridge in villandry france
38688489,https://www.pexels.com/photo/38688489/,titré,historic boat moored on river in villandry
38688488,https://www.pexels.com/photo/38688488/,sans titre,
38688486,https://www.pexels.com/photo/38688486/,sans titre,
38688485,https://www.pexels.com/photo/38688485/,sans titre,
38688484,https://www.pexels.com/photo/38688484/,sans titre,
38682316,https://www.pexels.com/photo/38682316/,sans titre,
38674517,https://www.pexels.com/photo/38674517/,sans titre,
38674516,https://www.pexels.com/photo/38674516/,sans titre,
38674515,https://www.pexels.com/photo/38674515/,sans titre,
38570603,https://www.pexels.com/photo/38570603/,sans titre,
38570572,https://www.pexels.com/photo/38570572/,sans titre,
38570570,https://www.pexels.com/photo/38570570/,sans titre,
38570569,https://www.pexels.com/photo/38570569/,sans titre,
38562044,https://www.pexels.com/photo/38562044/,sans titre,
38561996,https://www.pexels.com/photo/38561996/,titré,contemplative man smoking a cigarette
38561995,https://www.pexels.com/photo/38561995/,sans titre,
38561994,https://www.pexels.com/photo/38561994/,sans titre,
38561993,https://www.pexels.com/photo/38561993/,sans titre,
38561992,https://www.pexels.com/photo/38561992/,titré,contemplative portrait of man smoking outdoors
38561991,https://www.pexels.com/photo/38561991/,sans titre,
38561990,https://www.pexels.com/photo/38561990/,titré,close up portrait of man with thoughtful expression
38536694,https://www.pexels.com/photo/38536694/,titré,pensive man smoking a cigarette outdoors
38536481,https://www.pexels.com/photo/38536481/,titré,smiling man with glasses portrait outdoors
38536480,https://www.pexels.com/photo/38536480/,titré,casual portrait in outdoor cafe setting
38536479,https://www.pexels.com/photo/38536479/,titré,confident man smiling in casual attire
38536478,https://www.pexels.com/photo/38536478/,titré,casual portrait of a man with glasses
38536477,https://www.pexels.com/photo/38536477/,titré,casual outdoor portrait of a man with iced drink
38536476,https://www.pexels.com/photo/38536476/,titré,relaxed urban portrait in a coffee shop setting
38279684,https://www.pexels.com/photo/38279684/,titré,reflection of flowers and lamp post in niort
38279517,https://www.pexels.com/photo/38279517/,sans titre,
38279516,https://www.pexels.com/photo/38279516/,sans titre,
38279515,https://www.pexels.com/photo/38279515/,sans titre,
38279514,https://www.pexels.com/photo/38279514/,sans titre,
38279512,https://www.pexels.com/photo/38279512/,sans titre,
38279511,https://www.pexels.com/photo/38279511/,sans titre,
38279509,https://www.pexels.com/photo/38279509/,titré,intricate bas relief sculpture in niort france
38279508,https://www.pexels.com/photo/38279508/,titré,elegant french prefecture building facade
38279507,https://www.pexels.com/photo/38279507/,sans titre,
38279506,https://www.pexels.com/photo/38279506/,titré,scenic view of niort landmark and park
38279505,https://www.pexels.com/photo/38279505/,sans titre,
38279504,https://www.pexels.com/photo/38279504/,titré,historical hotel de ville in niort france
38279503,https://www.pexels.com/photo/38279503/,sans titre,
38279502,https://www.pexels.com/photo/38279502/,sans titre,
38256829,https://www.pexels.com/photo/38256829/,sans titre,
38256669,https://www.pexels.com/photo/38256669/,sans titre,
38256668,https://www.pexels.com/photo/38256668/,sans titre,
38188749,https://www.pexels.com/photo/38188749/,sans titre,
38188748,https://www.pexels.com/photo/38188748/,sans titre,
37296561,https://www.pexels.com/photo/37296561/,non vérifié,
37296558,https://www.pexels.com/photo/37296558/,non vérifié,
37296469,https://www.pexels.com/photo/37296469/,non vérifié,
37296468,https://www.pexels.com/photo/37296468/,non vérifié,
37296467,https://www.pexels.com/photo/37296467/,non vérifié,
36946795,https://www.pexels.com/photo/36946795/,non vérifié,
36946794,https://www.pexels.com/photo/36946794/,non vérifié,
36652526,https://www.pexels.com/photo/36652526/,non vérifié,
36652487,https://www.pexels.com/photo/36652487/,non vérifié,
36652486,https://www.pexels.com/photo/36652486/,non vérifié,
36170133,https://www.pexels.com/photo/36170133/,non vérifié,
36170132,https://www.pexels.com/photo/36170132/,non vérifié,
36117556,https://www.pexels.com/photo/36117556/,non vérifié,
36117555,https://www.pexels.com/photo/36117555/,non vérifié,
35765784,https://www.pexels.com/photo/35765784/,non vérifié,
35765783,https://www.pexels.com/photo/35765783/,non vérifié,
35760712,https://www.pexels.com/photo/35760712/,non vérifié,
35403785,https://www.pexels.com/photo/35403785/,non vérifié,
35375614,https://www.pexels.com/photo/35375614/,non vérifié,
35375606,https://www.pexels.com/photo/35375606/,non vérifié,
35363738,https://www.pexels.com/photo/35363738/,non vérifié,
35363737,https://www.pexels.com/photo/35363737/,non vérifié,
35363731,https://www.pexels.com/photo/35363731/,non vérifié,
35168744,https://www.pexels.com/photo/35168744/,non vérifié,
35168742,https://www.pexels.com/photo/35168742/,non vérifié,
35145727,https://www.pexels.com/photo/35145727/,non vérifié,
35145726,https://www.pexels.com/photo/35145726/,non vérifié,
35145725,https://www.pexels.com/photo/35145725/,non vérifié,
35140747,https://www.pexels.com/photo/35140747/,non vérifié,
35140746,https://www.pexels.com/photo/35140746/,non vérifié,
35136160,https://www.pexels.com/photo/35136160/,non vérifié,
35136159,https://www.pexels.com/photo/35136159/,non vérifié,
35119805,https://www.pexels.com/photo/35119805/,non vérifié,
35119804,https://www.pexels.com/photo/35119804/,non vérifié,
35119803,https://www.pexels.com/photo/35119803/,non vérifié,
35104311,https://www.pexels.com/photo/35104311/,non vérifié,
35104310,https://www.pexels.com/photo/35104310/,non vérifié,
35104309,https://www.pexels.com/photo/35104309/,non vérifié,
35104308,https://www.pexels.com/photo/35104308/,non vérifié,
35104307,https://www.pexels.com/photo/35104307/,non vérifié,
35104306,https://www.pexels.com/photo/35104306/,non vérifié,
35086241,https://www.pexels.com/photo/35086241/,non vérifié,
35086240,https://www.pexels.com/photo/35086240/,non vérifié,
35086239,https://www.pexels.com/photo/35086239/,non vérifié,
35070415,https://www.pexels.com/photo/35070415/,non vérifié,
35070410,https://www.pexels.com/photo/35070410/,non vérifié,
35070409,https://www.pexels.com/photo/35070409/,non vérifié,
35070408,https://www.pexels.com/photo/35070408/,non vérifié,
35070407,https://www.pexels.com/photo/35070407/,non vérifié,
35048476,https://www.pexels.com/photo/35048476/,non vérifié,
35048475,https://www.pexels.com/photo/35048475/,non vérifié,
35048474,https://www.pexels.com/photo/35048474/,non vérifié,
35039650,https://www.pexels.com/photo/35039650/,non vérifié,
35027338,https://www.pexels.com/photo/35027338/,non vérifié,
35027337,https://www.pexels.com/photo/35027337/,non vérifié,
35024042,https://www.pexels.com/photo/35024042/,non vérifié,
35024041,https://www.pexels.com/photo/35024041/,non vérifié,
35024040,https://www.pexels.com/photo/35024040/,non vérifié,
35024039,https://www.pexels.com/photo/35024039/,non vérifié,
35024038,https://www.pexels.com/photo/35024038/,non vérifié,
35024036,https://www.pexels.com/photo/35024036/,non vérifié,
35015316,https://www.pexels.com/photo/35015316/,non vérifié,
35015315,https://www.pexels.com/photo/35015315/,non vérifié,
35015312,https://www.pexels.com/photo/35015312/,non vérifié,
34988859,https://www.pexels.com/photo/34988859/,non vérifié,
34982307,https://www.pexels.com/photo/34982307/,non vérifié,
34978560,https://www.pexels.com/photo/34978560/,non vérifié,
34967548,https://www.pexels.com/photo/34967548/,non vérifié,
34967545,https://www.pexels.com/photo/34967545/,non vérifié,
34956322,https://www.pexels.com/photo/34956322/,non vérifié,
34956321,https://www.pexels.com/photo/34956321/,non vérifié,
34956320,https://www.pexels.com/photo/34956320/,non vérifié,
34956319,https://www.pexels.com/photo/34956319/,non vérifié,
34939469,https://www.pexels.com/photo/34939469/,non vérifié,
34939468,https://www.pexels.com/photo/34939468/,non vérifié,
34939467,https://www.pexels.com/photo/34939467/,non vérifié,
34939460,https://www.pexels.com/photo/34939460/,non vérifié,
34939457,https://www.pexels.com/photo/34939457/,non vérifié,
34939456,https://www.pexels.com/photo/34939456/,non vérifié,
34939450,https://www.pexels.com/photo/34939450/,non vérifié,
34930397,https://www.pexels.com/photo/34930397/,non vérifié,
34930396,https://www.pexels.com/photo/34930396/,non vérifié,
34930395,https://www.pexels.com/photo/34930395/,non vérifié,
34908872,https://www.pexels.com/photo/34908872/,non vérifié,
34908869,https://www.pexels.com/photo/34908869/,non vérifié,
34908868,https://www.pexels.com/photo/34908868/,non vérifié,
34908867,https://www.pexels.com/photo/34908867/,non vérifié,
34894970,https://www.pexels.com/photo/34894970/,non vérifié,
34894969,https://www.pexels.com/photo/34894969/,non vérifié,
34894968,https://www.pexels.com/photo/34894968/,non vérifié,
34894967,https://www.pexels.com/photo/34894967/,non vérifié,
34894965,https://www.pexels.com/photo/34894965/,non vérifié,
34894959,https://www.pexels.com/photo/34894959/,non vérifié,
34894953,https://www.pexels.com/photo/34894953/,non vérifié,
34876057,https://www.pexels.com/photo/34876057/,non vérifié,
34876056,https://www.pexels.com/photo/34876056/,non vérifié,
34876055,https://www.pexels.com/photo/34876055/,non vérifié,
34876054,https://www.pexels.com/photo/34876054/,non vérifié,
34876053,https://www.pexels.com/photo/34876053/,non vérifié,
34849713,https://www.pexels.com/photo/34849713/,non vérifié,
34849712,https://www.pexels.com/photo/34849712/,non vérifié,
34849711,https://www.pexels.com/photo/34849711/,non vérifié,
34849710,https://www.pexels.com/photo/34849710/,non vérifié,
34849709,https://www.pexels.com/photo/34849709/,non vérifié,
34849708,https://www.pexels.com/photo/34849708/,non vérifié,
34849707,https://www.pexels.com/photo/34849707/,non vérifié,
34849706,https://www.pexels.com/photo/34849706/,non vérifié,
34849705,https://www.pexels.com/photo/34849705/,non vérifié,
34849704,https://www.pexels.com/photo/34849704/,non vérifié,
34828680,https://www.pexels.com/photo/34828680/,non vérifié,
34828679,https://www.pexels.com/photo/34828679/,non vérifié,
34828675,https://www.pexels.com/photo/34828675/,non vérifié,
34793920,https://www.pexels.com/photo/34793920/,non vérifié,
34793919,https://www.pexels.com/photo/34793919/,non vérifié,
34793918,https://www.pexels.com/photo/34793918/,non vérifié,
34762347,https://www.pexels.com/photo/34762347/,non vérifié,
34762346,https://www.pexels.com/photo/34762346/,non vérifié,
34762323,https://www.pexels.com/photo/34762323/,non vérifié,
34762322,https://www.pexels.com/photo/34762322/,non vérifié,
34762321,https://www.pexels.com/photo/34762321/,non vérifié,
34762320,https://www.pexels.com/photo/34762320/,non vérifié,
34762319,https://www.pexels.com/photo/34762319/,non vérifié,
34552339,https://www.pexels.com/photo/34552339/,non vérifié,
34552338,https://www.pexels.com/photo/34552338/,non vérifié,
34552337,https://www.pexels.com/photo/34552337/,non vérifié,
34532663,https://www.pexels.com/photo/34532663/,non vérifié,
34517717,https://www.pexels.com/photo/34517717/,non vérifié,
34506494,https://www.pexels.com/photo/34506494/,non vérifié,
34506473,https://www.pexels.com/photo/34506473/,non vérifié,
34500401,https://www.pexels.com/photo/34500401/,non vérifié,
34500400,https://www.pexels.com/photo/34500400/,non vérifié,
34500399,https://www.pexels.com/photo/34500399/,non vérifié,
34500398,https://www.pexels.com/photo/34500398/,non vérifié,
34500397,https://www.pexels.com/photo/34500397/,non vérifié,
34500396,https://www.pexels.com/photo/34500396/,non vérifié,
34500395,https://www.pexels.com/photo/34500395/,non vérifié,
34500394,https://www.pexels.com/photo/34500394/,non vérifié,
34500393,https://www.pexels.com/photo/34500393/,non vérifié,
34500388,https://www.pexels.com/photo/34500388/,non vérifié,
34500387,https://www.pexels.com/photo/34500387/,non vérifié,
34500386,https://www.pexels.com/photo/34500386/,non vérifié,
34500385,https://www.pexels.com/photo/34500385/,non vérifié,
34500384,https://www.pexels.com/photo/34500384/,non vérifié,
34500354,https://www.pexels.com/photo/34500354/,non vérifié,
34500351,https://www.pexels.com/photo/34500351/,non vérifié,
34500350,https://www.pexels.com/photo/34500350/,non vérifié,
34500348,https://www.pexels.com/photo/34500348/,non vérifié,
34500347,https://www.pexels.com/photo/34500347/,non vérifié,
34500337,https://www.pexels.com/photo/34500337/,non vérifié,
34500336,https://www.pexels.com/photo/34500336/,non vérifié,
34500335,https://www.pexels.com/photo/34500335/,non vérifié,
34500334,https://www.pexels.com/photo/34500334/,non vérifié,
34500333,https://www.pexels.com/photo/34500333/,non vérifié,
34500332,https://www.pexels.com/photo/34500332/,non vérifié,
34500331,https://www.pexels.com/photo/34500331/,non vérifié,
34500329,https://www.pexels.com/photo/34500329/,non vérifié,
34500328,https://www.pexels.com/photo/34500328/,non vérifié,
34500326,https://www.pexels.com/photo/34500326/,non vérifié,
34500324,https://www.pexels.com/photo/34500324/,non vérifié,
34500323,https://www.pexels.com/photo/34500323/,non vérifié,
34491966,https://www.pexels.com/photo/34491966/,non vérifié,
34408656,https://www.pexels.com/photo/34408656/,non vérifié,
34408224,https://www.pexels.com/photo/34408224/,non vérifié,
34354428,https://www.pexels.com/photo/34354428/,non vérifié,
34354427,https://www.pexels.com/photo/34354427/,non vérifié,
34354424,https://www.pexels.com/photo/34354424/,non vérifié,
34354423,https://www.pexels.com/photo/34354423/,non vérifié,
34354421,https://www.pexels.com/photo/34354421/,non vérifié,
34354420,https://www.pexels.com/photo/34354420/,non vérifié,
34354418,https://www.pexels.com/photo/34354418/,non vérifié,
34354417,https://www.pexels.com/photo/34354417/,non vérifié,
34354413,https://www.pexels.com/photo/34354413/,non vérifié,
34342360,https://www.pexels.com/photo/34342360/,non vérifié,
34342153,https://www.pexels.com/photo/34342153/,non vérifié,
34342152,https://www.pexels.com/photo/34342152/,non vérifié,
34342151,https://www.pexels.com/photo/34342151/,non vérifié,
34342150,https://www.pexels.com/photo/34342150/,non vérifié,
34342149,https://www.pexels.com/photo/34342149/,non vérifié,
34342148,https://www.pexels.com/photo/34342148/,non vérifié,
34342146,https://www.pexels.com/photo/34342146/,non vérifié,
34342145,https://www.pexels.com/photo/34342145/,non vérifié,
34342144,https://www.pexels.com/photo/34342144/,non vérifié,
34342142,https://www.pexels.com/photo/34342142/,non vérifié,
34342141,https://www.pexels.com/photo/34342141/,non vérifié,
34342140,https://www.pexels.com/photo/34342140/,non vérifié,
34342139,https://www.pexels.com/photo/34342139/,non vérifié,
34342138,https://www.pexels.com/photo/34342138/,non vérifié,
34342137,https://www.pexels.com/photo/34342137/,non vérifié,
34342136,https://www.pexels.com/photo/34342136/,non vérifié,
34342135,https://www.pexels.com/photo/34342135/,non vérifié,
34342134,https://www.pexels.com/photo/34342134/,non vérifié,
34342133,https://www.pexels.com/photo/34342133/,non vérifié,
34342132,https://www.pexels.com/photo/34342132/,non vérifié,
34342131,https://www.pexels.com/photo/34342131/,non vérifié,
34342130,https://www.pexels.com/photo/34342130/,non vérifié,
34342129,https://www.pexels.com/photo/34342129/,non vérifié,
34342128,https://www.pexels.com/photo/34342128/,non vérifié,
34342127,https://www.pexels.com/photo/34342127/,non vérifié,
34342126,https://www.pexels.com/photo/34342126/,non vérifié,
34342125,https://www.pexels.com/photo/34342125/,non vérifié,
34342124,https://www.pexels.com/photo/34342124/,non vérifié,
34342123,https://www.pexels.com/photo/34342123/,non vérifié,
34342121,https://www.pexels.com/photo/34342121/,non vérifié,
34342120,https://www.pexels.com/photo/34342120/,non vérifié,
34342118,https://www.pexels.com/photo/34342118/,non vérifié,
34342117,https://www.pexels.com/photo/34342117/,non vérifié,
34342116,https://www.pexels.com/photo/34342116/,non vérifié,
34342115,https://www.pexels.com/photo/34342115/,non vérifié,
34342114,https://www.pexels.com/photo/34342114/,non vérifié,
34342113,https://www.pexels.com/photo/34342113/,non vérifié,
34342112,https://www.pexels.com/photo/34342112/,non vérifié,
34340147,https://www.pexels.com/photo/34340147/,non vérifié,
34197247,https://www.pexels.com/photo/34197247/,non vérifié,
33834555,https://www.pexels.com/photo/33834555/,non vérifié,
33185094,https://www.pexels.com/photo/33185094/,non vérifié,
33036184,https://www.pexels.com/photo/33036184/,non vérifié,
33036167,https://www.pexels.com/photo/33036167/,non vérifié,
33036165,https://www.pexels.com/photo/33036165/,non vérifié,
33036031,https://www.pexels.com/photo/33036031/,non vérifié,
33035888,https://www.pexels.com/photo/33035888/,non vérifié,
33035694,https://www.pexels.com/photo/33035694/,non vérifié,
33035693,https://www.pexels.com/photo/33035693/,non vérifié,
33035661,https://www.pexels.com/photo/33035661/,non vérifié,
33035660,https://www.pexels.com/photo/33035660/,non vérifié,
33035659,https://www.pexels.com/photo/33035659/,non vérifié,
33035658,https://www.pexels.com/photo/33035658/,non vérifié,
33035657,https://www.pexels.com/photo/33035657/,non vérifié,
33035654,https://www.pexels.com/photo/33035654/,non vérifié,
33035652,https://www.pexels.com/photo/33035652/,non vérifié,
33035651,https://www.pexels.com/photo/33035651/,non vérifié,
33035648,https://www.pexels.com/photo/33035648/,non vérifié,
33035647,https://www.pexels.com/photo/33035647/,non vérifié,
33035645,https://www.pexels.com/photo/33035645/,non vérifié,
33035642,https://www.pexels.com/photo/33035642/,non vérifié,
33035639,https://www.pexels.com/photo/33035639/,non vérifié,
33035638,https://www.pexels.com/photo/33035638/,non vérifié,
33035637,https://www.pexels.com/photo/33035637/,non vérifié,
33035635,https://www.pexels.com/photo/33035635/,non vérifié,
33035634,https://www.pexels.com/photo/33035634/,non vérifié,
33035632,https://www.pexels.com/photo/33035632/,non vérifié,
33035628,https://www.pexels.com/photo/33035628/,non vérifié,
33035627,https://www.pexels.com/photo/33035627/,non vérifié,
33035626,https://www.pexels.com/photo/33035626/,non vérifié,
32920014,https://www.pexels.com/photo/32920014/,non vérifié,
32544433,https://www.pexels.com/photo/32544433/,non vérifié,
32429297,https://www.pexels.com/photo/32429297/,non vérifié,
32429296,https://www.pexels.com/photo/32429296/,non vérifié,
32429295,https://www.pexels.com/photo/32429295/,non vérifié,
32429294,https://www.pexels.com/photo/32429294/,non vérifié,
32429293,https://www.pexels.com/photo/32429293/,non vérifié,
32429268,https://www.pexels.com/photo/32429268/,non vérifié,
32429267,https://www.pexels.com/photo/32429267/,non vérifié,
32429266,https://www.pexels.com/photo/32429266/,non vérifié,
32429265,https://www.pexels.com/photo/32429265/,non vérifié,
32429264,https://www.pexels.com/photo/32429264/,non vérifié,
32429192,https://www.pexels.com/photo/32429192/,non vérifié,
32429191,https://www.pexels.com/photo/32429191/,non vérifié,
32429190,https://www.pexels.com/photo/32429190/,non vérifié,
32429189,https://www.pexels.com/photo/32429189/,non vérifié,
32429188,https://www.pexels.com/photo/32429188/,non vérifié,
32429186,https://www.pexels.com/photo/32429186/,non vérifié,
32429185,https://www.pexels.com/photo/32429185/,non vérifié,
32429184,https://www.pexels.com/photo/32429184/,non vérifié,
32429183,https://www.pexels.com/photo/32429183/,non vérifié,
32419525,https://www.pexels.com/photo/32419525/,non vérifié,
32419498,https://www.pexels.com/photo/32419498/,non vérifié,
32419414,https://www.pexels.com/photo/32419414/,non vérifié,
32419413,https://www.pexels.com/photo/32419413/,non vérifié,
32419412,https://www.pexels.com/photo/32419412/,non vérifié,
32419411,https://www.pexels.com/photo/32419411/,non vérifié,
32419410,https://www.pexels.com/photo/32419410/,non vérifié,
32419408,https://www.pexels.com/photo/32419408/,non vérifié,
32419407,https://www.pexels.com/photo/32419407/,non vérifié,
32419406,https://www.pexels.com/photo/32419406/,non vérifié,
32419405,https://www.pexels.com/photo/32419405/,non vérifié,
32419049,https://www.pexels.com/photo/32419049/,non vérifié,
32419048,https://www.pexels.com/photo/32419048/,non vérifié,
32419045,https://www.pexels.com/photo/32419045/,non vérifié,
32419042,https://www.pexels.com/photo/32419042/,non vérifié,
32419041,https://www.pexels.com/photo/32419041/,non vérifié,
32419038,https://www.pexels.com/photo/32419038/,non vérifié,
32419037,https://www.pexels.com/photo/32419037/,non vérifié,
32419034,https://www.pexels.com/photo/32419034/,non vérifié,
32127342,https://www.pexels.com/photo/32127342/,non vérifié,
32053231,https://www.pexels.com/photo/32053231/,non vérifié,
31999687,https://www.pexels.com/photo/31999687/,non vérifié,
31999683,https://www.pexels.com/photo/31999683/,non vérifié,
31999682,https://www.pexels.com/photo/31999682/,non vérifié,
31838328,https://www.pexels.com/photo/31838328/,non vérifié,
31641577,https://www.pexels.com/photo/31641577/,non vérifié,
31641251,https://www.pexels.com/photo/31641251/,non vérifié,
31640851,https://www.pexels.com/photo/31640851/,non vérifié,
31514850,https://www.pexels.com/photo/31514850/,non vérifié,
31514849,https://www.pexels.com/photo/31514849/,non vérifié,
31514848,https://www.pexels.com/photo/31514848/,non vérifié,
31514847,https://www.pexels.com/photo/31514847/,non vérifié,
31514846,https://www.pexels.com/photo/31514846/,non vérifié,
31514844,https://www.pexels.com/photo/31514844/,non vérifié,
31514843,https://www.pexels.com/photo/31514843/,non vérifié,
31514842,https://www.pexels.com/photo/31514842/,non vérifié,
31514841,https://www.pexels.com/photo/31514841/,non vérifié,
31514840,https://www.pexels.com/photo/31514840/,non vérifié,
31514839,https://www.pexels.com/photo/31514839/,non vérifié,
31514838,https://www.pexels.com/photo/31514838/,non vérifié,
31514837,https://www.pexels.com/photo/31514837/,non vérifié,
31514836,https://www.pexels.com/photo/31514836/,non vérifié,
31285712,https://www.pexels.com/photo/31285712/,non vérifié,
31285711,https://www.pexels.com/photo/31285711/,non vérifié,
30957682,https://www.pexels.com/photo/30957682/,non vérifié,
30957681,https://www.pexels.com/photo/30957681/,non vérifié,
30908350,https://www.pexels.com/photo/30908350/,non vérifié,
30908349,https://www.pexels.com/photo/30908349/,non vérifié,
30755522,https://www.pexels.com/photo/30755522/,non vérifié,
29926168,https://www.pexels.com/photo/29926168/,non vérifié,
29835361,https://www.pexels.com/photo/29835361/,non vérifié,
29654801,https://www.pexels.com/photo/29654801/,non vérifié,
29654800,https://www.pexels.com/photo/29654800/,non vérifié,
29654799,https://www.pexels.com/photo/29654799/,non vérifié,
29630257,https://www.pexels.com/photo/29630257/,non vérifié,
29435831,https://www.pexels.com/photo/29435831/,non vérifié,
29360492,https://www.pexels.com/photo/29360492/,non vérifié,
29188525,https://www.pexels.com/photo/29188525/,non vérifié,
29188524,https://www.pexels.com/photo/29188524/,non vérifié,
29170697,https://www.pexels.com/photo/29170697/,non vérifié,
29170696,https://www.pexels.com/photo/29170696/,non vérifié,
29170695,https://www.pexels.com/photo/29170695/,non vérifié,
29170694,https://www.pexels.com/photo/29170694/,non vérifié,
29170692,https://www.pexels.com/photo/29170692/,non vérifié,
29170691,https://www.pexels.com/photo/29170691/,non vérifié,
29170689,https://www.pexels.com/photo/29170689/,non vérifié,
29170688,https://www.pexels.com/photo/29170688/,non vérifié,
29170674,https://www.pexels.com/photo/29170674/,non vérifié,
29170673,https://www.pexels.com/photo/29170673/,non vérifié,
29169891,https://www.pexels.com/photo/29169891/,non vérifié,
29169890,https://www.pexels.com/photo/29169890/,non vérifié,
29169889,https://www.pexels.com/photo/29169889/,non vérifié,
29169888,https://www.pexels.com/photo/29169888/,non vérifié,
29169887,https://www.pexels.com/photo/29169887/,non vérifié,
29169886,https://www.pexels.com/photo/29169886/,non vérifié,
29136978,https://www.pexels.com/photo/29136978/,non vérifié,
29136905,https://www.pexels.com/photo/29136905/,non vérifié,
29136752,https://www.pexels.com/photo/29136752/,non vérifié,
29136751,https://www.pexels.com/photo/29136751/,non vérifié,
29136750,https://www.pexels.com/photo/29136750/,non vérifié,
29136749,https://www.pexels.com/photo/29136749/,non vérifié,
29136748,https://www.pexels.com/photo/29136748/,non vérifié,
29136747,https://www.pexels.com/photo/29136747/,non vérifié,
29136746,https://www.pexels.com/photo/29136746/,non vérifié,
29136745,https://www.pexels.com/photo/29136745/,non vérifié,
29136743,https://www.pexels.com/photo/29136743/,non vérifié,
29136742,https://www.pexels.com/photo/29136742/,non vérifié,
29136741,https://www.pexels.com/photo/29136741/,non vérifié,
29136740,https://www.pexels.com/photo/29136740/,non vérifié,
29136739,https://www.pexels.com/photo/29136739/,non vérifié,
29136738,https://www.pexels.com/photo/29136738/,non vérifié,
29136737,https://www.pexels.com/photo/29136737/,non vérifié,
29136736,https://www.pexels.com/photo/29136736/,non vérifié,
27681005,https://www.pexels.com/photo/27681005/,non vérifié,
27588524,https://www.pexels.com/photo/27588524/,non vérifié,
27588523,https://www.pexels.com/photo/27588523/,non vérifié,
27585488,https://www.pexels.com/photo/27585488/,non vérifié,
27531658,https://www.pexels.com/photo/27531658/,non vérifié,
27520518,https://www.pexels.com/photo/27520518/,non vérifié,
27520517,https://www.pexels.com/photo/27520517/,non vérifié,
27488883,https://www.pexels.com/photo/27488883/,non vérifié,
27488882,https://www.pexels.com/photo/27488882/,non vérifié,
27141523,https://www.pexels.com/photo/27141523/,non vérifié,
27141522,https://www.pexels.com/photo/27141522/,non vérifié,
27141503,https://www.pexels.com/photo/27141503/,non vérifié,
27141272,https://www.pexels.com/photo/27141272/,non vérifié,
27141271,https://www.pexels.com/photo/27141271/,non vérifié,
27141270,https://www.pexels.com/photo/27141270/,non vérifié,
27141266,https://www.pexels.com/photo/27141266/,non vérifié,
27141263,https://www.pexels.com/photo/27141263/,non vérifié,
27141262,https://www.pexels.com/photo/27141262/,non vérifié,
27141260,https://www.pexels.com/photo/27141260/,non vérifié,
27141259,https://www.pexels.com/photo/27141259/,non vérifié,
27116694,https://www.pexels.com/photo/27116694/,non vérifié,
27116693,https://www.pexels.com/photo/27116693/,non vérifié,
27116691,https://www.pexels.com/photo/27116691/,non vérifié,
27116689,https://www.pexels.com/photo/27116689/,non vérifié,
27116688,https://www.pexels.com/photo/27116688/,non vérifié,
27116687,https://www.pexels.com/photo/27116687/,non vérifié,
27116685,https://www.pexels.com/photo/27116685/,non vérifié,
27116684,https://www.pexels.com/photo/27116684/,non vérifié,
27116683,https://www.pexels.com/photo/27116683/,non vérifié,
27116682,https://www.pexels.com/photo/27116682/,non vérifié,
27116680,https://www.pexels.com/photo/27116680/,non vérifié,
27046198,https://www.pexels.com/photo/27046198/,non vérifié,
27046197,https://www.pexels.com/photo/27046197/,non vérifié,
27046196,https://www.pexels.com/photo/27046196/,non vérifié,
27046193,https://www.pexels.com/photo/27046193/,non vérifié,
27046192,https://www.pexels.com/photo/27046192/,non vérifié,
27046179,https://www.pexels.com/photo/27046179/,non vérifié,
27046156,https://www.pexels.com/photo/27046156/,non vérifié,
27046110,https://www.pexels.com/photo/27046110/,non vérifié,
27046095,https://www.pexels.com/photo/27046095/,non vérifié,
27025918,https://www.pexels.com/photo/27025918/,non vérifié,
27025917,https://www.pexels.com/photo/27025917/,non vérifié,
27025916,https://www.pexels.com/photo/27025916/,non vérifié,
27025915,https://www.pexels.com/photo/27025915/,non vérifié,
27025913,https://www.pexels.com/photo/27025913/,non vérifié,
27025912,https://www.pexels.com/photo/27025912/,non vérifié,
27025911,https://www.pexels.com/photo/27025911/,non vérifié,
27016848,https://www.pexels.com/photo/27016848/,non vérifié,
27016847,https://www.pexels.com/photo/27016847/,non vérifié,
27016845,https://www.pexels.com/photo/27016845/,non vérifié,
27016844,https://www.pexels.com/photo/27016844/,non vérifié,
26775591,https://www.pexels.com/photo/26775591/,non vérifié,
26775590,https://www.pexels.com/photo/26775590/,non vérifié,
26598926,https://www.pexels.com/photo/26598926/,non vérifié,
26598925,https://www.pexels.com/photo/26598925/,non vérifié,
26598924,https://www.pexels.com/photo/26598924/,non vérifié,
26598923,https://www.pexels.com/photo/26598923/,non vérifié,
26082574,https://www.pexels.com/photo/26082574/,non vérifié,
25255092,https://www.pexels.com/photo/25255092/,non vérifié,
25182670,https://www.pexels.com/photo/25182670/,non vérifié,
25177036,https://www.pexels.com/photo/25177036/,non vérifié,
24200555,https://www.pexels.com/photo/24200555/,non vérifié,
23947485,https://www.pexels.com/photo/23947485/,non vérifié,
23932629,https://www.pexels.com/photo/23932629/,non vérifié,
23414384,https://www.pexels.com/photo/23414384/,non vérifié,
23414383,https://www.pexels.com/photo/23414383/,non vérifié,
23414382,https://www.pexels.com/photo/23414382/,non vérifié,
23414381,https://www.pexels.com/photo/23414381/,non vérifié,
23414380,https://www.pexels.com/photo/23414380/,non vérifié,
23414378,https://www.pexels.com/photo/23414378/,non vérifié,
23414377,https://www.pexels.com/photo/23414377/,non vérifié,
23409061,https://www.pexels.com/photo/23409061/,non vérifié,
23409060,https://www.pexels.com/photo/23409060/,non vérifié,
23409059,https://www.pexels.com/photo/23409059/,non vérifié,
23102800,https://www.pexels.com/photo/23102800/,non vérifié,
22674081,https://www.pexels.com/photo/22674081/,non vérifié,
22667989,https://www.pexels.com/photo/22667989/,non vérifié,
22667988,https://www.pexels.com/photo/22667988/,non vérifié,
22667987,https://www.pexels.com/photo/22667987/,non vérifié,
22591348,https://www.pexels.com/photo/22591348/,non vérifié,
22591347,https://www.pexels.com/photo/22591347/,non vérifié,
22591346,https://www.pexels.com/photo/22591346/,non vérifié,
22591345,https://www.pexels.com/photo/22591345/,non vérifié,
22125756,https://www.pexels.com/photo/22125756/,non vérifié,
22125755,https://www.pexels.com/photo/22125755/,non vérifié,
22125754,https://www.pexels.com/photo/22125754/,non vérifié,
21992039,https://www.pexels.com/photo/21992039/,non vérifié,
21992037,https://www.pexels.com/photo/21992037/,non vérifié,
21992034,https://www.pexels.com/photo/21992034/,non vérifié,
21992006,https://www.pexels.com/photo/21992006/,non vérifié,
21952373,https://www.pexels.com/photo/21952373/,non vérifié,
21952372,https://www.pexels.com/photo/21952372/,non vérifié,
21906959,https://www.pexels.com/photo/21906959/,non vérifié,
21906951,https://www.pexels.com/photo/21906951/,non vérifié,
20315377,https://www.pexels.com/photo/20315377/,non vérifié,
20315376,https://www.pexels.com/photo/20315376/,non vérifié,
19983129,https://www.pexels.com/photo/19983129/,non vérifié,
19654398,https://www.pexels.com/photo/19654398/,non vérifié,
19654381,https://www.pexels.com/photo/19654381/,non vérifié,
19509156,https://www.pexels.com/photo/19509156/,non vérifié,
19509151,https://www.pexels.com/photo/19509151/,non vérifié,
19059640,https://www.pexels.com/photo/19059640/,non vérifié,
19059639,https://www.pexels.com/photo/19059639/,non vérifié,
19059638,https://www.pexels.com/photo/19059638/,non vérifié,
19059637,https://www.pexels.com/photo/19059637/,non vérifié,
19059636,https://www.pexels.com/photo/19059636/,non vérifié,
19059635,https://www.pexels.com/photo/19059635/,non vérifié,
19059634,https://www.pexels.com/photo/19059634/,non vérifié,
19059625,https://www.pexels.com/photo/19059625/,non vérifié,
19059624,https://www.pexels.com/photo/19059624/,non vérifié,
19059623,https://www.pexels.com/photo/19059623/,non vérifié,
19059606,https://www.pexels.com/photo/19059606/,non vérifié,
19047689,https://www.pexels.com/photo/19047689/,non vérifié,
19047688,https://www.pexels.com/photo/19047688/,non vérifié,
19047682,https://www.pexels.com/photo/19047682/,non vérifié,
19047681,https://www.pexels.com/photo/19047681/,non vérifié,
19047680,https://www.pexels.com/photo/19047680/,non vérifié,
19047677,https://www.pexels.com/photo/19047677/,non vérifié,
19047675,https://www.pexels.com/photo/19047675/,non vérifié,
19047674,https://www.pexels.com/photo/19047674/,non vérifié,
19047671,https://www.pexels.com/photo/19047671/,non vérifié,
18998193,https://www.pexels.com/photo/18998193/,non vérifié,
18994935,https://www.pexels.com/photo/18994935/,non vérifié,
18986604,https://www.pexels.com/photo/18986604/,non vérifié,
18964815,https://www.pexels.com/photo/18964815/,non vérifié,
18935321,https://www.pexels.com/photo/18935321/,non vérifié,
18890995,https://www.pexels.com/photo/18890995/,non vérifié,
18890994,https://www.pexels.com/photo/18890994/,non vérifié,
18890993,https://www.pexels.com/photo/18890993/,non vérifié,
18890992,https://www.pexels.com/photo/18890992/,non vérifié,
18890991,https://www.pexels.com/photo/18890991/,non vérifié,
18890989,https://www.pexels.com/photo/18890989/,non vérifié,
18890960,https://www.pexels.com/photo/18890960/,non vérifié,
18890872,https://www.pexels.com/photo/18890872/,non vérifié,
18890846,https://www.pexels.com/photo/18890846/,non vérifié,
18890798,https://www.pexels.com/photo/18890798/,non vérifié,
18890794,https://www.pexels.com/photo/18890794/,non vérifié,
18780101,https://www.pexels.com/photo/18780101/,non vérifié,
18458017,https://www.pexels.com/photo/18458017/,non vérifié,
18332906,https://www.pexels.com/photo/18332906/,non vérifié,
18100443,https://www.pexels.com/photo/18100443/,non vérifié,
18099951,https://www.pexels.com/photo/18099951/,non vérifié,
17768576,https://www.pexels.com/photo/17768576/,non vérifié,
17768573,https://www.pexels.com/photo/17768573/,non vérifié,
17734823,https://www.pexels.com/photo/17734823/,non vérifié,
16904613,https://www.pexels.com/photo/16904613/,non vérifié,
16592454,https://www.pexels.com/photo/16592454/,non vérifié,
16510834,https://www.pexels.com/photo/16510834/,non vérifié,
16141501,https://www.pexels.com/photo/16141501/,non vérifié,
16141476,https://www.pexels.com/photo/16141476/,non vérifié,
16141472,https://www.pexels.com/photo/16141472/,non vérifié,
16141463,https://www.pexels.com/photo/16141463/,non vérifié,
16113112,https://www.pexels.com/photo/16113112/,non vérifié,
16113052,https://www.pexels.com/photo/16113052/,non vérifié,
16101474,https://www.pexels.com/photo/16101474/,non vérifié,
16101468,https://www.pexels.com/photo/16101468/,non vérifié,
16101436,https://www.pexels.com/photo/16101436/,non vérifié,
16093235,https://www.pexels.com/photo/16093235/,non vérifié,
13679752,https://www.pexels.com/photo/13679752/,non vérifié,
13679728,https://www.pexels.com/photo/13679728/,non vérifié,
13679682,https://www.pexels.com/photo/13679682/,non vérifié,
13673408,https://www.pexels.com/photo/13673408/,non vérifié,
13673404,https://www.pexels.com/photo/13673404/,non vérifié,
13673391,https://www.pexels.com/photo/13673391/,non vérifié,
13651490,https://www.pexels.com/photo/13651490/,non vérifié,
13651457,https://www.pexels.com/photo/13651457/,non vérifié,
13628723,https://www.pexels.com/photo/13628723/,non vérifié,
13628612,https://www.pexels.com/photo/13628612/,non vérifié,
13358097,https://www.pexels.com/photo/13358097/,non vérifié,
13322944,https://www.pexels.com/photo/13322944/,non vérifié,
13313100,https://www.pexels.com/photo/13313100/,non vérifié,
13296781,https://www.pexels.com/photo/13296781/,non vérifié,
13296675,https://www.pexels.com/photo/13296675/,non vérifié,
13292485,https://www.pexels.com/photo/13292485/,non vérifié,
13292415,https://www.pexels.com/photo/13292415/,non vérifié,
13263155,https://www.pexels.com/photo/13263155/,non vérifié,
13263103,https://www.pexels.com/photo/13263103/,non vérifié,
13255679,https://www.pexels.com/photo/13255679/,non vérifié,
13243887,https://www.pexels.com/photo/13243887/,non vérifié,
13243860,https://www.pexels.com/photo/13243860/,non vérifié,
13234891,https://www.pexels.com/photo/13234891/,non vérifié,
13228683,https://www.pexels.com/photo/13228683/,non vérifié,
13216464,https://www.pexels.com/photo/13216464/,non vérifié,
13216448,https://www.pexels.com/photo/13216448/,non vérifié,
13204344,https://www.pexels.com/photo/13204344/,non vérifié,
13197999,https://www.pexels.com/photo/13197999/,non vérifié,
13178332,https://www.pexels.com/photo/13178332/,non vérifié,
13178331,https://www.pexels.com/photo/13178331/,non vérifié,
13164936,https://www.pexels.com/photo/13164936/,non vérifié,
13164935,https://www.pexels.com/photo/13164935/,non vérifié,
13153086,https://www.pexels.com/photo/13153086/,non vérifié,
13153085,https://www.pexels.com/photo/13153085/,non vérifié,
13153084,https://www.pexels.com/photo/13153084/,non vérifié,
13142737,https://www.pexels.com/photo/13142737/,non vérifié,
13142734,https://www.pexels.com/photo/13142734/,non vérifié,
13142731,https://www.pexels.com/photo/13142731/,non vérifié,
13125778,https://www.pexels.com/photo/13125778/,non vérifié,
13125683,https://www.pexels.com/photo/13125683/,non vérifié,
13125670,https://www.pexels.com/photo/13125670/,non vérifié,
13117680,https://www.pexels.com/photo/13117680/,non vérifié,
13117640,https://www.pexels.com/photo/13117640/,non vérifié,
13102289,https://www.pexels.com/photo/13102289/,non vérifié,
13102252,https://www.pexels.com/photo/13102252/,non vérifié,
13102229,https://www.pexels.com/photo/13102229/,non vérifié,
13087576,https://www.pexels.com/photo/13087576/,non vérifié,
13087566,https://www.pexels.com/photo/13087566/,non vérifié,
13087478,https://www.pexels.com/photo/13087478/,non vérifié,
13087407,https://www.pexels.com/photo/13087407/,non vérifié,
13078049,https://www.pexels.com/photo/13078049/,non vérifié,
13078020,https://www.pexels.com/photo/13078020/,non vérifié,
13070707,https://www.pexels.com/photo/13070707/,non vérifié,
13066927,https://www.pexels.com/photo/13066927/,non vérifié,
13065309,https://www.pexels.com/photo/13065309/,non vérifié,
13065295,https://www.pexels.com/photo/13065295/,non vérifié,
13058158,https://www.pexels.com/photo/13058158/,non vérifié,
13058109,https://www.pexels.com/photo/13058109/,non vérifié,
13058086,https://www.pexels.com/photo/13058086/,non vérifié,
13041935,https://www.pexels.com/photo/13041935/,non vérifié,
13041926,https://www.pexels.com/photo/13041926/,non vérifié,
13034692,https://www.pexels.com/photo/13034692/,non vérifié,
13034675,https://www.pexels.com/photo/13034675/,non vérifié,
13020351,https://www.pexels.com/photo/13020351/,non vérifié,
13020345,https://www.pexels.com/photo/13020345/,non vérifié,
13009542,https://www.pexels.com/photo/13009542/,non vérifié,
13009520,https://www.pexels.com/photo/13009520/,non vérifié,
13009455,https://www.pexels.com/photo/13009455/,non vérifié,
12998724,https://www.pexels.com/photo/12998724/,non vérifié,
12985910,https://www.pexels.com/photo/12985910/,non vérifié,
12976396,https://www.pexels.com/photo/12976396/,non vérifié,
12976374,https://www.pexels.com/photo/12976374/,non vérifié,
12956180,https://www.pexels.com/photo/12956180/,non vérifié,
12581896,https://www.pexels.com/photo/12581896/,non vérifié,
12581745,https://www.pexels.com/photo/12581745/,non vérifié,
12516756,https://www.pexels.com/photo/12516756/,non vérifié,
12496931,https://www.pexels.com/photo/12496931/,non vérifié,
12484812,https://www.pexels.com/photo/12484812/,non vérifié,
12484797,https://www.pexels.com/photo/12484797/,non vérifié,
12473320,https://www.pexels.com/photo/12473320/,non vérifié,
12473274,https://www.pexels.com/photo/12473274/,non vérifié,
12461417,https://www.pexels.com/photo/12461417/,non vérifié,
12453008,https://www.pexels.com/photo/12453008/,non vérifié,
12443176,https://www.pexels.com/photo/12443176/,non vérifié,
12441049,https://www.pexels.com/photo/12441049/,non vérifié,
12112236,https://www.pexels.com/photo/12112236/,non vérifié,
12100543,https://www.pexels.com/photo/12100543/,non vérifié,
12092047,https://www.pexels.com/photo/12092047/,non vérifié,
12092035,https://www.pexels.com/photo/12092035/,non vérifié,
12084338,https://www.pexels.com/photo/12084338/,non vérifié,
12076681,https://www.pexels.com/photo/12076681/,non vérifié,
12076680,https://www.pexels.com/photo/12076680/,non vérifié,
12073895,https://www.pexels.com/photo/12073895/,non vérifié,
12073840,https://www.pexels.com/photo/12073840/,non vérifié,
12073837,https://www.pexels.com/photo/12073837/,non vérifié,
12063477,https://www.pexels.com/photo/12063477/,non vérifié,
11999255,https://www.pexels.com/photo/11999255/,non vérifié,
11999254,https://www.pexels.com/photo/11999254/,non vérifié,
11999253,https://www.pexels.com/photo/11999253/,non vérifié,
11991308,https://www.pexels.com/photo/11991308/,non vérifié,
11978981,https://www.pexels.com/photo/11978981/,non vérifié,
11968816,https://www.pexels.com/photo/11968816/,non vérifié,
11968793,https://www.pexels.com/photo/11968793/,non vérifié,
11961131,https://www.pexels.com/photo/11961131/,non vérifié,
11946983,https://www.pexels.com/photo/11946983/,non vérifié,
11938837,https://www.pexels.com/photo/11938837/,non vérifié,
11932587,https://www.pexels.com/photo/11932587/,non vérifié,
11906092,https://www.pexels.com/photo/11906092/,non vérifié,
11897642,https://www.pexels.com/photo/11897642/,non vérifié,
11897639,https://www.pexels.com/photo/11897639/,non vérifié,
11891040,https://www.pexels.com/photo/11891040/,non vérifié,
11876963,https://www.pexels.com/photo/11876963/,non vérifié,
11497010,https://www.pexels.com/photo/11497010/,non vérifié,
11497009,https://www.pexels.com/photo/11497009/,non vérifié,
11497008,https://www.pexels.com/photo/11497008/,non vérifié,
11497007,https://www.pexels.com/photo/11497007/,non vérifié,
11497006,https://www.pexels.com/photo/11497006/,non vérifié,
11497005,https://www.pexels.com/photo/11497005/,non vérifié,
11496895,https://www.pexels.com/photo/11496895/,non vérifié,
11496894,https://www.pexels.com/photo/11496894/,non vérifié,
11323389,https://www.pexels.com/photo/11323389/,non vérifié,
11294895,https://www.pexels.com/photo/11294895/,non vérifié,
11041007,https://www.pexels.com/photo/11041007/,non vérifié,
11039264,https://www.pexels.com/photo/11039264/,non vérifié,
11017570,https://www.pexels.com/photo/11017570/,non vérifié,
10959904,https://www.pexels.com/photo/10959904/,non vérifié,
10879440,https://www.pexels.com/photo/10879440/,non vérifié,
10879428,https://www.pexels.com/photo/10879428/,non vérifié,
10815633,https://www.pexels.com/photo/10815633/,non vérifié,
10815620,https://www.pexels.com/photo/10815620/,non vérifié,
10804000,https://www.pexels.com/photo/10804000/,non vérifié,
10767076,https://www.pexels.com/photo/10767076/,non vérifié,
10757956,https://www.pexels.com/photo/10757956/,non vérifié,
10745565,https://www.pexels.com/photo/10745565/,non vérifié,
10714439,https://www.pexels.com/photo/10714439/,non vérifié,
10699313,https://www.pexels.com/photo/10699313/,non vérifié,
10688244,https://www.pexels.com/photo/10688244/,non vérifié,
10683520,https://www.pexels.com/photo/10683520/,non vérifié,
10669795,https://www.pexels.com/photo/10669795/,non vérifié,
10659494,https://www.pexels.com/photo/10659494/,non vérifié,
10652212,https://www.pexels.com/photo/10652212/,non vérifié,
10652195,https://www.pexels.com/photo/10652195/,non vérifié,
10644439,https://www.pexels.com/photo/10644439/,non vérifié,
10644428,https://www.pexels.com/photo/10644428/,non vérifié,
10634288,https://www.pexels.com/photo/10634288/,non vérifié,
10634272,https://www.pexels.com/photo/10634272/,non vérifié,
10625741,https://www.pexels.com/photo/10625741/,non vérifié,
10618206,https://www.pexels.com/photo/10618206/,non vérifié,
10606945,https://www.pexels.com/photo/10606945/,non vérifié,
10597431,https://www.pexels.com/photo/10597431/,non vérifié,
10591398,https://www.pexels.com/photo/10591398/,non vérifié,
10581933,https://www.pexels.com/photo/10581933/,non vérifié,
10572711,https://www.pexels.com/photo/10572711/,non vérifié,
10565065,https://www.pexels.com/photo/10565065/,non vérifié,
10556139,https://www.pexels.com/photo/10556139/,non vérifié,
10556063,https://www.pexels.com/photo/10556063/,non vérifié,
10543529,https://www.pexels.com/photo/10543529/,non vérifié,
10535821,https://www.pexels.com/photo/10535821/,non vérifié,
10535792,https://www.pexels.com/photo/10535792/,non vérifié,
10524140,https://www.pexels.com/photo/10524140/,non vérifié,
10524139,https://www.pexels.com/photo/10524139/,non vérifié,
10515562,https://www.pexels.com/photo/10515562/,non vérifié,
10504042,https://www.pexels.com/photo/10504042/,non vérifié,
10486478,https://www.pexels.com/photo/10486478/,non vérifié,
10473138,https://www.pexels.com/photo/10473138/,non vérifié,
10459984,https://www.pexels.com/photo/10459984/,non vérifié,
10452966,https://www.pexels.com/photo/10452966/,non vérifié,
10443099,https://www.pexels.com/photo/10443099/,non vérifié,
10431296,https://www.pexels.com/photo/10431296/,non vérifié,
10418605,https://www.pexels.com/photo/10418605/,non vérifié,
10405558,https://www.pexels.com/photo/10405558/,non vérifié,
10394847,https://www.pexels.com/photo/10394847/,non vérifié,
10384181,https://www.pexels.com/photo/10384181/,non vérifié,
10375506,https://www.pexels.com/photo/10375506/,non vérifié,
10369144,https://www.pexels.com/photo/10369144/,non vérifié,
10368253,https://www.pexels.com/photo/10368253/,non vérifié,
10365716,https://www.pexels.com/photo/10365716/,non vérifié,
10355479,https://www.pexels.com/photo/10355479/,non vérifié,
10355467,https://www.pexels.com/photo/10355467/,non vérifié,
10347221,https://www.pexels.com/photo/10347221/,non vérifié,
10347211,https://www.pexels.com/photo/10347211/,non vérifié,
10327809,https://www.pexels.com/photo/10327809/,non vérifié,
10310851,https://www.pexels.com/photo/10310851/,non vérifié,
10303311,https://www.pexels.com/photo/10303311/,non vérifié,
10292593,https://www.pexels.com/photo/10292593/,non vérifié,
10281697,https://www.pexels.com/photo/10281697/,non vérifié,
10273090,https://www.pexels.com/photo/10273090/,non vérifié,
10260382,https://www.pexels.com/photo/10260382/,non vérifié,
10249058,https://www.pexels.com/photo/10249058/,non vérifié,
10220497,https://www.pexels.com/photo/10220497/,non vérifié,
10199772,https://www.pexels.com/photo/10199772/,non vérifié,
10187660,https://www.pexels.com/photo/10187660/,non vérifié,
10187589,https://www.pexels.com/photo/10187589/,non vérifié,
10187432,https://www.pexels.com/photo/10187432/,non vérifié,
10187408,https://www.pexels.com/photo/10187408/,non vérifié,
10187396,https://www.pexels.com/photo/10187396/,non vérifié,
8297886,https://www.pexels.com/photo/8297886/,non vérifié,
6858270,https://www.pexels.com/photo/6858270/,titré,food sandwich sandwiches
