photo,lien,titre,mots_cles
37296561,https://www.pexels.com/photo/37296561/,Coffee beans poured from a wooden scoop into a manual grinder,"coffee beans, roasted coffee beans, manual grinder, coffee grinder, burr grinder, wooden scoop, coffee accessories, coffee preparation, specialty coffee, coffee lover, barista, coffee, kitchen, drink, close-up, metal, wood, brown, black, vertical"
37296558,https://www.pexels.com/photo/37296558/,Toasted bread slices and a crouton soup bowl on a cutting board,"toasted bread, bread slices, soup, croutons, white bowl, folding knife, wooden handle, cutting board, wooden board, bread, rustic, comfort food, homemade, kitchen, authentic, meal, food, brown, still life, food photography"
37296469,https://www.pexels.com/photo/37296469/,Pouring tea from a celadon gaiwan into a white porcelain cup,"pouring tea, gaiwan, celadon, lid, tea leaves, porcelain cup, floral pattern, hand, tea ceremony, gongfu tea, chinese tea, green tea, tea, cup, drink, ceramics, wooden table, tradition, amber, vertical"
37296468,https://www.pexels.com/photo/37296468/,Lily of the valley flowers blooming in bright sunlight by a wall,"lily of the valley, bell-shaped flowers, white flowers, green leaves, flower bed, stone wall, may day, lucky charm, flowers, garden, spring, sunlight, backlight, bokeh, nature, tradition, france, white, green, background"
37296467,https://www.pexels.com/photo/37296467/,Clay tea pet figurine on a wooden tray behind a porcelain gaiwan,"tea pet, clay figurine, gaiwan, porcelain, floral pattern, tea tray, wooden tray, tea ceremony, gongfu tea, chinese tea, tea, cup, ceramics, still life, selective focus, tradition, zen, blue, brown, vertical"
36946795,https://www.pexels.com/photo/36946795/,Extreme close-up of a sleeping tabby cat's face and pink nose,"tabby cat, cat face, sleeping cat, closed eyes, pink nose, whiskers, fur texture, stripes, cat, pet, domestic cat, animal, nap, tenderness, cute, macro, close-up, brown, grey, vertical"
36946794,https://www.pexels.com/photo/36946794/,Tabby cat dozing on a garden cushion while being stroked,"tabby cat, sleeping cat, cat paw, hand stroking, petting, garden cushion, garden chair, balcony, closed eyes, cat, pet, domestic cat, animal, relaxation, nap, tenderness, cute, comfort, grey, everyday life"
36652526,https://www.pexels.com/photo/36652526/,Country lane along a stream lined with trees in early spring,"country lane, dirt path, stream, bare trees, ivy, grass verge, dandelions, meadow, shadows, path, walk, hiking, exploration, countryside, nature, early spring, sunlight, blue sky, green, outdoors"
36652487,https://www.pexels.com/photo/36652487/,Man crossing a green footbridge under sunlit weeping willows,"footbridge, green railings, weeping willows, man walking, man, path, marsh, tree canopy, foliage, trees, bridge, walk, escape, nature, spring, sunlight, backlight, green, yellow, vertical"
36652486,https://www.pexels.com/photo/36652486/,Sparkling stream flowing through spring vegetation toward a calm lake,"stream, sparkling water, sun glints, lake, lakeshore, spring vegetation, green leaves, young shoots, yellow flowers, bare trees, water, flowing water, nature, spring, backlight, sunlight, life, green, vertical, outdoors"
36170133,https://www.pexels.com/photo/36170133/,Macro close-up of the spiral petals of a deep red rose,"red rose, rose petals, rose heart, spiral, velvet petals, rose, flower, macro, close-up, love, romance, valentine's day, tenderness, passion, inspiration, red, background, wallpaper, nature, vertical"
36117556,https://www.pexels.com/photo/36117556/,"Cappuccino in a blue cup, filter coffee carafe and almond cake slice","cappuccino, latte art, blue cup, saucer, filter coffee, pour over, v60, glass carafe, almond cake, cake slice, pastry, wooden table, brunch, coffee break, coffee, dessert, drink, food, brown, vertical"
36117555,https://www.pexels.com/photo/36117555/,Abstract motion blur of red fabric and bright light leaks,"motion blur, light leak, abstract, red fabric, light trails, camera movement, intentional camera movement, overexposure, swirl, dynamic, energy, movement, effect, background, wallpaper, texture, red, white, pink, experimental photography"
35765784,https://www.pexels.com/photo/35765784/,Creamy soup in a white textured bowl garnished with chervil and petals,"creamy soup, velouté, white bowl, textured ceramic, chervil, edible flowers, cornflower petals, garnish, ceramics, bowl, starter, fine dining, gastronomy, french cuisine, restaurant, food, meal, france, close-up, food photography"
35765783,https://www.pexels.com/photo/35765783/,"Sliced roast poultry breast with creamy sauce, chervil and cornflower petals","roast poultry, chicken breast, supreme, cream sauce, chervil, cornflower petals, edible flowers, ceramic plate, plating, fine dining, gastronomy, french cuisine, restaurant, main course, dish, food, meal, france, food photography, vertical"
35760712,https://www.pexels.com/photo/35760712/,Glass of iced coffee with a large ice cube beside a carafe,"iced coffee, cold brew, ice cube, tumbler glass, glass carafe, ice cube tray, steel pitcher, wooden table, kitchen, coffee, drink, cold drink, refreshment, summer, home, interior, brown, transparent, still life, vertical"
35375614,https://www.pexels.com/photo/35375614/,Red Christmas bauble and glowing pink light on a dark fir tree,"red bauble, christmas bauble, snowflake pattern, pink light, fairy lights, fir branches, christmas tree, christmas decorations, ornament, christmas, christmas party, holiday, night, dark background, low key, glow, red, pink, close-up, festive"
35375606,https://www.pexels.com/photo/35375606/,Black and white hanging lantern lighting a dark empty corridor,"hanging lantern, lamp, corridor, doorway, wooden ceiling, bare wall, darkness, shadows, light and shadow, brutalist, minimalism, solitude, unease, night, interior, architecture, mood, contrast, monochrome, black and white"
35363738,https://www.pexels.com/photo/35363738/,Small Christmas tree with fairy lights and golden bow in a corner,"small christmas tree, christmas tree, fairy lights, gold bow, baubles, reindeer ornament, tinsel, shadow, living room, christmas decorations, christmas, holiday, family, home, cozy, interior, night, vertical, red, gold"
35363737,https://www.pexels.com/photo/35363737/,Decorated Christmas tree with wrapped presents in a cozy living room,"christmas tree, christmas presents, wrapped gifts, gift wrap, gold ribbon, gold bow, teddy bear, fur rug, living room, christmas decorations, christmas, christmas eve, holiday, family, home, cozy, interior, celebration, red, gold"
35168744,https://www.pexels.com/photo/35168744/,Close-up portrait of a tabby cat with intense green eyes,"tabby cat, green eyes, cat portrait, whiskers, pink nose, stripes, fur, gaze, intense, cat, feline, pet, domestic cat, animal, close-up, portrait, grey, brown, cute, animal photography"
35145727,https://www.pexels.com/photo/35145727/,Autumn ferns turning orange and yellow among green undergrowth,"ferns, bracken, autumn ferns, fronds, undergrowth, foliage, leaves, brambles, plants, forest, nature, autumn, fall colors, orange, yellow, green, texture, background, wallpaper, outdoors"
35145726,https://www.pexels.com/photo/35145726/,Single rock in clear shallow water on a pebbly lakeshore,"rock, shallow water, clear water, pebbles, lakeshore, reflection, reeds, stones, water, lake, nature, minimalism, calm, relaxation, zen, texture, brown, beige, background, outdoors"
35145725,https://www.pexels.com/photo/35145725/,Fallen dead tree lying in green algae water beside bramble bushes,"fallen tree, dead wood, bare branches, green algae, brambles, blackberries, lakeshore, water, vegetation, leaves, plants, nature, lake, tranquility, autumn, green, white, high key, background, outdoors"
35140747,https://www.pexels.com/photo/35140747/,Ripe dark blue plums hanging on a leafy plum tree branch,"plums, ripe plums, plum tree, damsons, fruit tree, branch, leaves, fruit, harvest, orchard, agriculture, terroir, tradition, nature, late summer, autumn, dark blue, green, close-up, background"
35140746,https://www.pexels.com/photo/35140746/,Calm lake framed by overhanging tree branches and green foliage,"lake, calm water, natural frame, tree branches, foliage, wooded shore, lakeshore, leaves, trees, forest, water, nature, landscape, tranquility, summer, green, grey, outdoors, france, frame"
35136160,https://www.pexels.com/photo/35136160/,Wild meadow with white daisies and wild carrot flowers among grasses,"daisies, wild carrot, queen anne's lace, white flowers, wildflowers, meadow, flower field, tall grass, umbels, flower buds, flowers, nature, summer, countryside, biodiversity, green, white, yellow, background, wallpaper"
35136159,https://www.pexels.com/photo/35136159/,Backlit silhouette of a man seen from behind facing a leaded window,"man from behind, silhouette, backlit, leaded window, diamond pattern, bright light, stone wall, old stone building, jacket, man, person, mystery, contemplation, solitude, light, window, interior, portrait, mood, people"
35119805,https://www.pexels.com/photo/35119805/,Close-up of an old black cannon barrel on a wooden carriage wheel,"cannon, cannon barrel, cast iron, muzzle, wooden wheel, gun carriage, artillery, weapon, medieval, history, heritage, military, detail, close-up, black, green background, bokeh, metal, old, france"
35119804,https://www.pexels.com/photo/35119804/,Spikes of tiny white flowers on aromatic herb plants with soft bokeh,"white flowers, tiny flowers, flower spikes, aromatic herb, herb garden, flowering plants, green leaves, bokeh, shallow depth of field, soft focus, plants, flowers, garden, nature, summer, white, green, background, wallpaper, harmony"
35119803,https://www.pexels.com/photo/35119803/,Old stone well with wrought iron pulley frame against a rubble wall,"stone well, wrought iron, pulley, iron frame, stone steps, rubble wall, cobblestones, lawn, moss, courtyard, medieval architecture, heritage, history, old, stone, garden, rustic, france, europe, vertical"
35104311,https://www.pexels.com/photo/35104311/,Close-up of a haltered camel's head beside a colorful woven blanket,"camel, dromedary, camel head, leather halter, woven blanket, colorful fabric, geometric patterns, sequins, fur, eye, nativity scene, christmas, animal, close-up, portrait, red, brown, texture, tradition, travel"
35104310,https://www.pexels.com/photo/35104310/,Vertical view of Fougères Castle walls above a stream and wildflowers,"fougères castle, ramparts, turret, machicolations, brook, nançon river, purple wildflowers, grassy bank, fortress, castle, medieval, fougères, brittany, france, europe, heritage, history, stone wall, vertical, travel"
35104309,https://www.pexels.com/photo/35104309/,Pink valerian flowers above water rushing down stone steps of a weir,"red valerian, pink flowers, weir, stone steps, rushing water, fish ladder, rocks, wildflowers, canal, water, stone, flowers, garden, biodiversity, nature, sunlight, summer, france, texture, background"
35104308,https://www.pexels.com/photo/35104308/,Gothic stone church with slate bell tower among trees and hedges,"gothic church, bell tower, slate roof, pinnacles, pointed arch windows, rose window, cross, pink stone, hedge, trees, church, religious architecture, landmark, heritage, france, europe, cloudy sky, summer, travel, architecture"
35104307,https://www.pexels.com/photo/35104307/,Medieval ramparts and corner turret of Fougères Castle above a grassy slope,"fougères castle, ramparts, turret, machicolations, curtain wall, grassy slope, rocky hillside, pink wildflowers, fortress, castle, medieval, fougères, brittany, france, europe, heritage, history, stone wall, blue sky, sunlight, travel"
35104306,https://www.pexels.com/photo/35104306/,Church with bell turret and slender spire behind flowering shrubs,"church, bell turret, spire, bell tower, cross, weather vane, slate roof, brick wall, flowering shrubs, garden, blue sky, white clouds, religious architecture, landmark, heritage, sunny day, summer, journeys"
35086241,https://www.pexels.com/photo/35086241/,Red and white scallop shell half buried in sand,"scallop shell, scallop, red and white, ribbed shell, sand, beach, seashell, top view, close-up, texture, pattern, seaside, sunlight, getaway, summer, coast, nature"
35086240,https://www.pexels.com/photo/35086240/,Common pheasant walking in grass beneath stacked yellow kayaks,"common pheasant, male pheasant, red wattle, iridescent plumage, yellow kayaks, stacked boats, grass, bird, wild bird, wildlife, unexpected encounter, geometry, yellow, orange, faded, wild, instinct, animal, nature"
35070415,https://www.pexels.com/photo/35070415/,Rose of Sharon shrub covered in pink blooms and round buds,"rose of sharon, flowering shrub, pink blooms, round buds, lush foliage, garden, horticulture, landscaping, sunlight, shallow depth of field, pink, purple, green, summer, joy, flowers, background, nature"
35070410,https://www.pexels.com/photo/35070410/,Red and white Hot Lips salvia flowers with a bee in flight,"hot lips salvia, salvia microphylla, red and white flowers, bicolor flowers, bee, pollinator, branches, garden, shrub, shallow depth of field, bokeh, dark background, red, white, green, summer, flowers, background, nature"
35070409,https://www.pexels.com/photo/35070409/,White sweet alyssum flowers mingled with hare's-tail grass,"sweet alyssum, white flowers, tiny flowers, hare's-tail grass, wild grasses, flower carpet, ground cover, garden, meadow, shallow depth of field, full frame, background, white, green, freedom, summer, life, flowers, nature"
35070408,https://www.pexels.com/photo/35070408/,Single pink rose of Sharon flower opening beside green buds,"rose of sharon, single flower, pink petals, opening bloom, flower buds, shrub, garden, horticulture, dark background, close-up, shallow depth of field, pink, purple, green, summer, floraison, flowers, nature"
35070407,https://www.pexels.com/photo/35070407/,Pink rose of Sharon blooms and green buds in a sunlit garden,"rose of sharon, pink flowers, flower buds, shrub, blooming, garden, horticulture, sunlight, shallow depth of field, bokeh, purple, pink, green, summer, joy, background, flowers, nature"
35048476,https://www.pexels.com/photo/35048476/,Granite boulder and hare's-tail grass with blurred walkers behind,"granite boulder, hare's-tail grass, wild grasses, blurred walkers, hikers, backpack, family, together, country walk, bokeh, shallow depth of field, meadow, stone, ancient, authentic, sunny afternoon, summer, green, nature"
35048475,https://www.pexels.com/photo/35048475/,Granite boulder among fluffy hare's-tail grass in soft sunlight,"granite boulder, hare's-tail grass, fluffy seed heads, wild grasses, meadow, soft sunlight, bokeh, shallow depth of field, close-up, stone, ancient, authentic, country walk, sunny afternoon, summer, green, nature, background"
35048474,https://www.pexels.com/photo/35048474/,Granite stone chapel with rose window and bell gable on a hillside,"chapel, granite, rose window, bell gable, slate roof, gothic door, stone house, chimney, dry grass, hedges, religious architecture, heritage, ancient, authentic, countryside, country walk, sunny afternoon, church"
35039650,https://www.pexels.com/photo/35039650/,Illuminated Christmas tree and string lights at a night Christmas market,"christmas tree, illuminated tree, string lights, light canopy, christmas market, market stalls, passers-by, street lights, night, festive season, christmas, holiday lights, magic, party, tradition, winter, city, bokeh, warm light, green"
35027338,https://www.pexels.com/photo/35027338/,Pond reflecting bare trees and sky through ivy-covered trunks,"pond, water reflection, bare trees, ivy-covered trunks, riverbank, shrubs, grass, watercourse, shore, film look, kodak movie film, faded colors, pastel, late autumn, winter, landscape, background, tranquility, nature"
35027337,https://www.pexels.com/photo/35027337/,Autumn woodland path strewn with red leaves under an arching trunk,"woodland path, fallen leaves, red leaves, arching trunk, ivy, mossy trees, autumn colors, forest, trees, film look, kodak movie film, verdant, shade of green, orange, autumn, walk, background, nature"
35024042,https://www.pexels.com/photo/35024042/,White shell resting on bladder wrack seaweed and granite rock,"white shell, bladder wrack, seaweed, brown algae, granite rock, foreshore, low tide, seashell, beach, close-up, texture, olive green, coast, marine life, summer, seaside, symbol, nature"
35024041,https://www.pexels.com/photo/35024041/,Young white poplar sapling growing beside a granite boulder,"white poplar, sapling, silver leaves, granite boulder, grass, meadow, growth, youth, new life, tree, stone, green, summer, shallow depth of field, vertical, botany, nature"
35024040,https://www.pexels.com/photo/35024040/,Scattered white cumulus clouds across a deep blue sky,"cumulus clouds, white clouds, deep blue sky, fair weather, cloudscape, sky, sky background, sky replacement, background, copy space, blue, nuances, soothing, summer, weather, atmosphere, nature"
35024038,https://www.pexels.com/photo/35024038/,Towering white poplar tree reaching into a partly cloudy sky,"white poplar, tall tree, tree canopy, branches, foliage, ivy, low angle view, blue sky, clouds, majestic, imposing, strength, tree, green, summer, vertical, nature"
35024036,https://www.pexels.com/photo/35024036/,Silvery white poplar foliage showing pale leaf undersides,"white poplar, silver leaves, leaf undersides, foliage, branches, dense vegetation, shrubs, tree, green and white, contrast, texture, pattern, full frame, background, botany, green, white, nature"
35015316,https://www.pexels.com/photo/35015316/,Hairy fly feeding on yellow fennel flowers against a soft background,"hairy fly, tachinid fly, fennel flowers, umbel, yellow flowers, pollinator, insect, macro, close-up, soft focus, bokeh, pastel background, copy space, yellow, summer, joy, positive, life, nature"
35015315,https://www.pexels.com/photo/35015315/,Metallic green rose chafer beetle crawling through grass,"rose chafer, beetle, metallic green, iridescent, insect, beautiful insect, grass, lawn, macro, close-up, shallow depth of field, wildlife, green, life, freedom, summer, nature"
35015312,https://www.pexels.com/photo/35015312/,Common wall lizard basking on grey granite rock,"wall lizard, lizard, reptile, basking, scales, long tail, granite rock, lichen, camouflage, grey, tone on tone, low key, wildlife, close-up, animal, nature, texture, stone"
34978560,https://www.pexels.com/photo/34978560/,House entrance lit by a single lamp on a foggy night,"house entrance, porch light, wooden door, fog, night, glowing light, front lawn, mailbox, suburban house, quiet street, mysterious, eerie atmosphere, haze, dark, low light, cinematic, welcoming, vertical, home"
34967548,https://www.pexels.com/photo/34967548/,Windswept grassy heath below a lone house under blue sky in Chausey,"grassy heath, tall grass, bracken, lone house, hilltop, blue sky, white clouds, wind, chausey islands, normandy, france, landscape, island, no neighbors, freedom, holiday, relaxation, wilderness, summer, nature"
34967545,https://www.pexels.com/photo/34967545/,Low tide flats below a stone house and arch in Chausey,"low tide, tidal flats, tidal pools, seagrass, mooring lines, granite boulders, stone arch, stone house, hillside, chausey islands, english channel, normandy, france, seascape, coast, island life, no cars, tranquility, holiday, nature"
34956320,https://www.pexels.com/photo/34956320/,Stack of blue and turquoise lobster pots beside a fisherman's cottage,"lobster pots, stacked pots, turquoise netting, blue netting, rope, fisherman's cottage, fishing gear, artisanal fishing, fishing tradition, bokeh, shallow depth of field, pastel colors, summer, work, still life, coastal life, turquoise, texture, detail"
34956319,https://www.pexels.com/photo/34956319/,Close-up of a black fishing pot and nets with yellow wildflowers,"lobster pot, fishing net, rope, yellow wildflowers, rusty metal, mesh, fishing gear, artisanal fishing, fishing tradition, close-up, shallow depth of field, texture, summer, work, still life, coastal life, green, blue, detail"
34939460,https://www.pexels.com/photo/34939460/,White daymark tower with black cap on a grassy Chausey islet,"daymark, white tower, black conical roof, grassy hill, lichen-covered rocks, seabirds, grey sky, chausey islands, english channel, normandy, france, navigation aid, maritime heritage, minimalist, simple, soothing, far away, coast, island, nature"
34939457,https://www.pexels.com/photo/34939457/,Waves splashing against a mossy granite rock in turquoise sea at Chausey,"splashing waves, sea spray, foam, granite rock, green algae, turquoise water, ripples, chausey islands, english channel, normandy, france, ocean, seascape, coast, peace, relaxation, water, stone, nature"
34939456,https://www.pexels.com/photo/34939456/,Lichen-covered layered granite rocks rising above the sea at Chausey,"granite rocks, layered rock, orange lichen, rock formation, islet, sea, turquoise water, grey sky, chausey islands, english channel, normandy, france, geology, texture, seascape, coast, color grading, exploration, nature, stone"
34939450,https://www.pexels.com/photo/34939450/,Chausey lighthouse on its wooded hill seen from the sea,"chausey lighthouse, wooded hill, rocky shore, stone buildings, choppy sea, view from the sea, lighthouse, grande-île, chausey islands, english channel, normandy, france, haze, moody sky, blue tones, remote island, seascape, coast, travel"
34930397,https://www.pexels.com/photo/34930397/,Black and white close-up of a French bulldog sleeping on the floor,"french bulldog, sleeping dog, wrinkled face, bat ears, paw, dog, pet, rest, nap, faithful companion, close-up, low key, dark background, black and white, monochrome, animal, indoor, calm, cute"
34930395,https://www.pexels.com/photo/34930395/,Black and white photographer in a cap shooting with a telephoto lens,"photographer, telephoto lens, zoom lens, camera, cap, hooded jacket, profile, silhouette, two people, wildlife photography, exploration, man, black and white, monochrome, high key, white background, outdoor, hobby, portrait"
34908872,https://www.pexels.com/photo/34908872/,Cormorant colony on granite rocks facing an island in Chausey,"cormorant colony, granite rocks, seabirds, stone ruin, island, choppy sea, blue hour, cloudy sky, chausey islands, english channel, normandy, france, seascape, wildlife, birds, coast, blue, nature, isolated place"
34908869,https://www.pexels.com/photo/34908869/,Black and white cormorants on rocks as a ferry passes near Chausey,"cormorants, granite rocks, ferry, passenger ship, breaking waves, misty horizon, seabirds, chausey islands, english channel, normandy, france, black and white, monochrome, faded, seascape, voyage, maritime transport, coast, island, nature"
34908868,https://www.pexels.com/photo/34908868/,Dark granite rocks with perched cormorants in the choppy sea at Chausey,"granite rocks, cormorants, perched birds, rocky islet, choppy sea, waves, seabirds, chausey islands, english channel, normandy, france, seascape, grey sky, blue sea, wildlife, coast, island, nature, stone"
34894968,https://www.pexels.com/photo/34894968/,Black and white view of moored sailboats among rocky islets in Chausey,"moored sailboats, anchorage, rocky islets, motorboats, pine branches, archipelago, chausey islands, english channel, normandy, france, black and white, monochrome, seascape, calm sea, boats, sailing, isolated place, travel, coast, nature"
34894967,https://www.pexels.com/photo/34894967/,Green heathland and grassy paths of Grande-Île in the Chausey Islands,"heathland, grassy paths, shrubs, wild vegetation, sea on the horizon, grande-île, chausey islands, island, overcast sky, green, muted tones, isolated place, wilderness, landscape, normandy, france, nature, tranquility, panoramic, travel"
34894965,https://www.pexels.com/photo/34894965/,Blue-hulled sailboat with crew in red jackets sailing on calm grey sea,"sailboat, blue hull, white sail, mainsail, crew, life jackets, sailing, french flag, calm sea, grey water, high angle view, boat, yachting, sea, leisure, summer, nautical, vertical, travel, france"
34894959,https://www.pexels.com/photo/34894959/,"Granite lighthouse with green lantern behind trees in the Chausey Islands, France","chausey lighthouse, green lantern, granite tower, lighthouse, lighthouse keeper house, foliage, grey sky, overcast, island, chausey islands, granville, normandy, france, maritime heritage, coastal architecture, navigation aid, vertical, travel, tourism"
34876057,https://www.pexels.com/photo/34876057/,Colorful stained glass window depicting the Archangel Saint Michael,"stained glass window, archangel michael, saint michael, archangel, angel, halo, spear, dragon, religious art, christianity, church, faith, religion, colorful, glass, vertical, green, blue, red, heritage"
34876056,https://www.pexels.com/photo/34876056/,Orange daylilies in a rock garden with shrubs and stone path,"orange daylilies, daylily, rock garden, garden path, rocks, boxwood, shrubs, grass, flowers, garden, horticulture, gardening, landscaping, sunlight, selective focus, nature, summer, green, orange, grey"
34876055,https://www.pexels.com/photo/34876055/,Round grisaille windows and a dark column silhouette in a church,"round window, oculus, grisaille glass, stained glass windows, lead pattern, column, silhouette, shadow, church interior, church, dark, low key, contrast, backlight, ancient, religion, architecture, heritage, black, background"
34876054,https://www.pexels.com/photo/34876054/,Looking up between old stone walls with ivy and a hanging lantern,"stone walls, narrow passage, low angle view, looking up, hanging lantern, wrought iron bracket, ivy, vegetation, granite, old building, medieval, ancient, sky, clouds, architecture, heritage, france, perspective, blue, dark"
34876053,https://www.pexels.com/photo/34876053/,Abstract blurred silhouettes of two figures in warm dim light,"blurred silhouettes, figures, out of focus, abstract, dim light, low light, warm light, mysterious, dreamy, impressionistic, mood, night, colorful, dark, orange, teal, black, texture, wallpaper, background"
34849713,https://www.pexels.com/photo/34849713/,Minimal close-up of curved lead lines on white stained glass,"stained glass, lead lines, curves, close-up, minimalist, geometric pattern, repetitive pattern, diffused light, soft focus, church window, glass, abstract, high key, negative space, white, grey green, texture, copy space, wallpaper, background"
34849712,https://www.pexels.com/photo/34849712/,Interwoven white stained glass pattern with a red side strip,"stained glass, interwoven pattern, red strip, lead came, geometric pattern, repetitive pattern, diffused light, soft focus, church window, glass, abstract, dreamy, pastel colors, white, mint green, red, vertical, texture, wallpaper, background"
34849711,https://www.pexels.com/photo/34849711/,Soft-focus stained glass with circular arcs framed by red strips,"stained glass, circular arcs, symmetry, red strips, diffused light, soft focus, blurred, geometric pattern, repetitive pattern, church window, glass, abstract, dreamy, pastel colors, white, red, vertical, texture, wallpaper, background"
34849710,https://www.pexels.com/photo/34849710/,Blurred white stained glass with interlaced curves and red edges,"stained glass, interlaced curves, blurred, diffused light, red border, repetitive pattern, geometric pattern, church window, glass, abstract, dreamy, soft focus, pastel colors, white, mint green, red, vertical, texture, wallpaper, background"
34849709,https://www.pexels.com/photo/34849709/,Flamboyant Gothic choir vault and windows in Mont-Saint-Michel Abbey church,"gothic choir, flamboyant gothic, rib vault, keystone, tall windows, tracery, triforium, light, low angle view, abbey church, mont-saint-michel abbey, mont-saint-michel, normandy, france, unesco world heritage, gothic architecture, interior, medieval, heritage, religion"
34849708,https://www.pexels.com/photo/34849708/,Pastel geometric stained glass window with a lead grid,"stained glass window, geometric pattern, pastel colors, lead came, repetitive pattern, mosaic, hexagons, glass, backlight, church window, contemporary stained glass, abstract, texture, full frame, pink, green, yellow, soft colors, wallpaper, background"
34849707,https://www.pexels.com/photo/34849707/,Cloister arcade and Gothic choir windows of Mont-Saint-Michel Abbey,"cloister, colonnade, gothic choir, tracery windows, pinnacles, slate roof, columns, mont-saint-michel abbey, mont-saint-michel, normandy, france, unesco world heritage, gothic architecture, medieval, monumental, heritage, religion, vertical, muted tones, grey"
34849706,https://www.pexels.com/photo/34849706/,Romanesque nave walls and arcades in Mont-Saint-Michel Abbey church,"abbey church, romanesque nave, pillar, arcades, triforium, arched windows, wooden vault, stonework, mont-saint-michel abbey, mont-saint-michel, normandy, france, unesco world heritage, interior, low angle view, medieval, architecture, heritage, religion, pink granite"
34849704,https://www.pexels.com/photo/34849704/,Light through the Romanesque windows of Mont-Saint-Michel Abbey church,"abbey church, romanesque nave, arched windows, columns, capitals, arcades, wooden vault, light rays, stonework, mont-saint-michel abbey, mont-saint-michel, normandy, france, unesco world heritage, interior, medieval, architecture, heritage, religion, pink granite"
34828679,https://www.pexels.com/photo/34828679/,Two rock pigeons facing the camera with one in sharp focus,"rock pigeons, pigeon, two birds, red eyes, iridescent feathers, bird portrait, face to face, selective focus, foreground focus, bokeh, funny, curious, birds, urban birds, wildlife, animals, close-up, nature, purple, grey"
34828675,https://www.pexels.com/photo/34828675/,Crenellated stone ramparts and stairs of Mont-Saint-Michel,"ramparts, machicolations, battlements, fortification, stone wall, stone stairs, medieval, mont-saint-michel, normandy, france, unesco world heritage, granite, old houses, architecture, heritage, history, travel, tourism, beige, grey"
34762347,https://www.pexels.com/photo/34762347/,Close-up of a lichen-covered stone ridge with green bokeh,"lichen, stone, rock texture, weathered stone, moss, close-up, macro, selective focus, shallow depth of field, bokeh, diagonal, texture, detail, nature, grey, green, natural background, copy space, minimalist, background"
34762323,https://www.pexels.com/photo/34762323/,Three pigeons perched on a mossy rock among beach pebbles,"pigeons, three birds, perched, mossy rock, green algae, pebbles, stones, wet sand, low tide, beach, seashore, birds, wildlife, animals, rest, nature, coast, green, beige, grey"
34762322,https://www.pexels.com/photo/34762322/,Pigeons landing on a mossy rock on a pebble beach,"pigeons, pigeon landing, wings, mossy rock, green algae, pebbles, stones, wet sand, low tide, beach, seashore, birds, wildlife, animals, urban birds, nature, coast, green, beige, grey"
34762321,https://www.pexels.com/photo/34762321/,Vertical view of a lone walker and a gull on tidal flats,"tidal flats, low tide, lone walker, seagull, walking, barefoot, sandbanks, shallow water, shimmering water, layers, solitude, minimalist, negative space, seashore, coast, sea, vertical, high key, silver, white"
34762320,https://www.pexels.com/photo/34762320/,Lone person walking barefoot across shimmering tidal flats,"tidal flats, low tide, lone person, walking, barefoot, sandbanks, shallow water, shimmering water, solitude, minimalist, negative space, seashore, coast, sea, beach, summer, high key, silver, white, blue"
34762319,https://www.pexels.com/photo/34762319/,French tricolour flag waving against an overcast grey sky,"french flag, tricolour, flag, flagpole, waving flag, frayed fabric, wind, overcast sky, france, national symbol, patriotism, republic, national holiday, blue, white, red, grey, sky, copy space, background"
34500329,https://www.pexels.com/photo/34500329/,Woman in a straw hat and scarf leaning on a stone parapet,"woman, straw hat, scarf, from behind, white jacket, stone parapet, elegant, fashion, summer style, tourist, contemplation, trees, bokeh, shallow depth of field, person, lifestyle, everyday life, france, orange, green"
34500326,https://www.pexels.com/photo/34500326/,Stone arch bridge with lampposts and flower boxes in Cognac,"stone bridge, arch bridge, arches, lampposts, flower boxes, railing, corbels, masonry, cognac, charente, france, architecture, heritage, low angle view, perspective, sepia, muted tones, vertical, beige, travel"
34500324,https://www.pexels.com/photo/34500324/,Black and white covered courtyard café with a vintage three-wheeler,"covered courtyard, café, restaurant, tables and chairs, three-wheeler, vintage van, street lamp, skylights, wooden beams, facades, statue, fountain, interior, decor, france, black and white, monochrome, vintage, architecture, grey"
34500323,https://www.pexels.com/photo/34500323/,Black and white riverside promenade along the Charente in Cognac,"riverside promenade, charente river, quay, river, stone wall, walkers, boat, trees, chimney, bridge, reflection, cognac, charente, france, town, walk, black and white, monochrome, grey, travel"
34342123,https://www.pexels.com/photo/34342123/,Dreamy autumn tree canopy seen through blurred foreground leaves,"tree canopy, autumn leaves, foliage, branches, blurred foreground, soft focus, dreamy, bokeh, forest, trees, backlight, sunlight, autumn, season, nature, green, yellow, brown, natural background, background"
33035632,https://www.pexels.com/photo/33035632/,Eiffel Tower framed by green trees in Paris,"eiffel tower, iron tower, wrought iron, landmark, monument, trees, natural frame, street lamp, low angle view, overcast sky, paris, france, europe, architecture, heritage, travel, tourism, vertical, green, grey"
31285712,https://www.pexels.com/photo/31285712/,Slice of homemade bacon pizza on an olive wood board,"pizza slice, homemade pizza, bacon, cheese, white pizza, olive wood board, cutting board, knife, wooden table, plate, pizza, food, meal, homemade, rustic, family meal, close-up, food photography, wood, brown"
29654801,https://www.pexels.com/photo/29654801/,"Plated duck breast with mushrooms, crumble and parsnip purée","duck breast, plated dish, mushrooms, crumble, vegetable purée, sauce, main course, gourmet, fine dining, french cuisine, restaurant, ceramic plate, food, meal, dinner, close-up, red tablecloth, food photography, red, white"
29169886,https://www.pexels.com/photo/29169886/,Vineyard rows with tall grass under a blue sky in late light,"vineyard, grapevines, vine rows, vine leaves, tall grass, wooden stakes, viticulture, wine region, agriculture, countryside, rural landscape, blue sky, contrails, evening light, nature, summer, green, blue, wine, tradition"
27141523,https://www.pexels.com/photo/27141523/,Close-up of a white bindweed flower with soft green bokeh,"bindweed, white flower, trumpet flower, petals, pistil, stamens, macro, close-up, bokeh, soft focus, wildflower, leaves, flower, nature, summer, white, green, yellow, delicate, background"
27141522,https://www.pexels.com/photo/27141522/,Dense variegated shrub foliage in muted green tones,"variegated leaves, shrub, foliage, leaves, branches, hedge, dense vegetation, greenery, garden, plant, texture, pattern, full frame, natural background, nature, summer, muted tones, green, fujifilm, background"
27016845,https://www.pexels.com/photo/27016845/,Dense green leaves of young maize plants in a summer field,"corn leaves, maize, corn field, young corn, crop, agriculture, farm field, cereal crop, leaves, plant, pattern, texture, sunlight, countryside, rural, nature, summer, green, full frame, background"
26775591,https://www.pexels.com/photo/26775591/,Sunset over a street under roadworks lined with old stone houses,"sunset, street under construction, roadworks, construction barriers, stone houses, facades, street, parked car, sun, clouds, golden hour, vanishing point, perspective, hdr, urban, town, evening, sky, orange, blue"
26775590,https://www.pexels.com/photo/26775590/,Blazing orange sunset at the end of a town street,"sunset, orange sky, town street, sun, row houses, street, roadworks, parked car, street lamp, golden hour, backlight, haze, urban, town, evening, summer, sky, warm light, orange, red"
26598926,https://www.pexels.com/photo/26598926/,Sunbeams through dramatic clouds above a church spire,"church spire, sunbeams, crepuscular rays, cumulus clouds, dramatic sky, cloudscape, clouds, blue sky, church, bell tower, cross, trees, village, sky, light, atmosphere, weather, blue, white, background"
19059640,https://www.pexels.com/photo/19059640/,Blossoming abelia branches in front of red wooden fence posts,"abelia, abelia flowers, white flowers, flowering shrub, blossom, branch, leaves, red fence, fence posts, garden, shallow depth of field, bokeh, flowers, plant, nature, summer, green, red, white, botany"
19059639,https://www.pexels.com/photo/19059639/,Spruce branch with hanging pine cones above a terracotta tile roof,"spruce cones, pine cones, spruce, conifer, evergreen, branch, needles, terracotta roof tiles, roof, ivy, white sky, negative space, minimalist, tree, nature, botany, green, high key, copy space, background"
19059623,https://www.pexels.com/photo/19059623/,Man in a suit riding an outdoor escalator in black and white,"escalator, outdoor escalator, man in suit, man, stairs, bicycle, bicycle wheel, high angle view, diagonal lines, urban, city life, street photography, passer-by, trees, concrete, architecture, black and white, monochrome, vintage, everyday life"
19047680,https://www.pexels.com/photo/19047680/,Women walking past a stone wall below a church spire,"women walking, passers-by, headscarves, church spire, slate roofs, stone wall, stone houses, van, steps, old town, street scene, motion, people, women, everyday life, street, architecture, city, vertical, france"
18964815,https://www.pexels.com/photo/18964815/,Facade and belfry of Poitiers city hall with flags under stormy sky,"poitiers city hall, city hall, belfry, clock, sculptures, lion statues, facade, windows, flags, cloudy skies, cream colour, landmark, architecture, heritage, poitiers, vienne, new aquitaine, france, vertical, travel"
16592454,https://www.pexels.com/photo/16592454/,Abstract light trails over blurred people in motion at night,"light trails, light painting, intentional camera movement, motion blur, neon colors, colorful lines, blurred people, abstract, abstract expressionism, experimental, human, human art, light, night, long exposure, party, multicolor, dark background, abstract background, phone wallpaper"
16510834,https://www.pexels.com/photo/16510834/,Tabby cat sleeping in a pile of clothes on a blue T-shirt,"tabby cat, sleepy cat, cat, resting cat, pile of clothes, laundry, blue t-shirt, sweaters, wardrobe, sleep, beautiful animal, domestic cat, pet, feline, animal, cozy, home, funny, desaturated, indoor"
11041007,https://www.pexels.com/photo/11041007/,Blocky video game figurine in a diamond helmet holding a candy pack,"blocky figurine, video game character, diamond helmet, pixel art, candy, candy pack, sugar, treat, toy, miniature figure, collectible, video games, gaming, wooden floor, rug, colorful, fun, indoor, still life, blue"
11039264,https://www.pexels.com/photo/11039264/,Laughing Buddha statue holding a gold ingot before a Christmas tree,"laughing buddha, buddha statue, statue, buddha, gold ingot, prayer beads, smile, sculpture, christmas tree, christmas, christmas shopping, bokeh, decoration, prosperity, luck, spirituality, asian culture, close-up, still life, grey"
11017570,https://www.pexels.com/photo/11017570/,Handmade sock snowman before a Moroccan citrus crate with sun logo,"sock snowman, handmade, diy craft, snowman, fruit crate, citrus crate, sun logo, product of morocco, cardboard, window, windowsill, sun, agriculture, wool, art, winter, toy, still life, indoor, white"
10959904,https://www.pexels.com/photo/10959904/,Lit candle with yellow wax in a frosted glass jar,"lit candle, candle, flame, wick, yellow wax, candle jar, frosted glass, candlelight, dark background, low light, warm light, cozy, relaxation, meditation, evening, home, still life, yellow, close-up, night"
10879440,https://www.pexels.com/photo/10879440/,Rummy tile number 11 standing on a wooden table,"rummy tile, number 11, game tile, orange number, board game, parlor games, wooden table, wood grain, bokeh, shallow depth of field, tabletop, game night, leisure, family, number, white, orange, close-up, still life, indoor"
10879428,https://www.pexels.com/photo/10879428/,White duvet on a bed in front of grey curtains,"white duvet, quilt, bedding, bed, sheets, grey curtains, curtain, drapes, smartphone, phone, bedroom, lazy morning, rest, cozy, home, interior, soft, shallow depth of field, white, lifestyle"
10815633,https://www.pexels.com/photo/10815633/,Close-up of face-down white game tiles with embossed logos,"game tiles, face-down tiles, embossed logo, rummy, board game, parlor games, game pieces, pattern, grid, repetition, white, white background, minimalist, texture, shallow depth of field, close-up, leisure, abstract, background, still life"
10815620,https://www.pexels.com/photo/10815620/,Tabby and white cat sitting on a balcony by a white chair,"tabby and white cat, cat, sitting cat, white chair, metal chair, balcony, terrace, green eyes, whiskers, fur, domestic cat, pet, feline, animal, outdoor, cat portrait, vertical, brown, cute, summer"
10804000,https://www.pexels.com/photo/10804000/,River weir under a wooden footbridge beside an old mill,"weir, waterfall, wooden footbridge, footbridge, old mill, stone wall, river, flowing water, long exposure, stairs, railing, trees, heritage, architecture, water, summer, town, nature, france, travel"
10767076,https://www.pexels.com/photo/10767076/,Old stone arch bridge over a small river in a limestone town,"stone bridge, arch bridge, small river, water lilies, limestone buildings, facades, balcony, footpath, old town, river, bridge, water, architecture, heritage, cloudy sky, city, small town, summer, france, travel"
10757956,https://www.pexels.com/photo/10757956/,Bare trees lining a residential street with tiled roofs in winter,"bare trees, tree-lined street, residential street, houses, tiled roofs, gate, tv antenna, branches, overcast sky, winter, suburb, street, house, tree, city, neighborhood, grey sky, low angle, france, architecture"
10745565,https://www.pexels.com/photo/10745565/,Dry brown leaves on grass and gravel seen from above,"dry leaves, dead leaves, brown leaves, leaf, grass, gravel, ground, top view, flat lay, autumn, texture, green background, natural background, soil, plants, green, brown, still life, nature, outdoor"
10714439,https://www.pexels.com/photo/10714439/,Large teddy bear on a wooden bench with plush toys and cushion,"teddy bear, giant teddy bear, soft toys, cuddly toy, cushion, wooden bench, bench, lounge, window, bear, childhood, cozy, home, interior, nostalgia, toy, still life, monochrome, black and white, black and white background"
10699313,https://www.pexels.com/photo/10699313/,Black and white portrait of a curious tabby cat,"tabby cat, cat portrait, curiosity, cat face, whiskers, eyes, ears, domestic cat, pet, cat, feline, animal, indoor, shallow depth of field, close-up, cute, home, monochrome, black and white, grey"
10688244,https://www.pexels.com/photo/10688244/,Close-up of a wisteria flower resting on amethyst crystals,"wisteria flower, amethyst, crystals, stone, gemstone, petals, flower, plant, purple, lavender color, mineral, wire mesh, close-up, macro, spring, delicate, still life, dark background, nature, texture"
10683520,https://www.pexels.com/photo/10683520/,"Christmas decoration with red gingham bow, holly berries and gold tinsel","christmas decoration, gingham bow, red ribbon, holly berries, holly, rattan ball, gold tinsel, bauble, christmas tree, christmas, holiday season, festive, decoration, red, gold, green, close-up, still life, winter, celebration"
10669795,https://www.pexels.com/photo/10669795/,Portrait of a tabby cat staring at the camera with bokeh,"tabby cat, cat portrait, cat face, whiskers, ears, eyes, stare, domestic cat, pet, cat, bokeh, shallow depth of field, indoor, brown, yellow, cute, feline, animal, close-up, home"
10659494,https://www.pexels.com/photo/10659494/,Lake reflecting a cloudy sky with fallen leaves on the shore,"lake, lakeside, mirror effect, reflection, cloudy sky, clouds, fallen leaves, tree branches, forest, hills, calm water, autumn, overcast, blue, pink, tranquil, landscape, water, nature, france"
10652212,https://www.pexels.com/photo/10652212/,Angler fishing on a green riverbank lined with tall trees,"angler, fisherman, fishing, fishing rod, river bank, river, reflection, tall trees, grass, vegetation, green background, summer, leisure, countryside, water, calm, man, nature, green, france"
10652195,https://www.pexels.com/photo/10652195/,Gnarled knees of a bald cypress on a riverbank,"cypress knees, bald cypress, roots, gnarled wood, tree stump, exposed roots, river bank, river, flowing water, leaves, bark, texture, wood, park, summer, tree, water, nature, france, outdoor"
10644439,https://www.pexels.com/photo/10644439/,Model sailing ship trapped in pack ice under blue light,"model ship, sailing ship, three-masted ship, pack ice, icebergs, diorama, polar expedition, exhibition, museum, blue light, blue, light blue, blue background, ice, cold, arctic, ship, water, mockup, adventure"
10644428,https://www.pexels.com/photo/10644428/,Old concrete steps with dead leaves and sun flare near a building,"concrete steps, stairs, outdoor staircase, handrail, dead leaves, sun flare, lens flare, sun, backlight, building, greenery, beautiful sunset, hdr, bright, neighborhood, street, autumn, wide angle, city, france"
10634288,https://www.pexels.com/photo/10634288/,Ivy-covered tree trunk among lush vegetation on a riverbank,"tree trunk, ivy, lush vegetation, undergrowth, leaves, river bank, river, green tree, grove, summer, green background, beauty in nature, wild, wide angle, tree, forest, vertical, green, nature, france"
10634272,https://www.pexels.com/photo/10634272/,Slices of country terrine with gherkins and beet sprouts on a plate,"country terrine, pâté, gherkins, beet sprouts, balsamic glaze, onion confit, white plate, starter, charcuterie, french cuisine, restaurant, kitchen, meal, gastronomy, food photography, plated dish, food, france, close-up, lunch"
10625741,https://www.pexels.com/photo/10625741/,Crispy brick pastry parcel on a mixed salad with beet sprouts,"brick pastry, crispy parcel, mixed salad, red lettuce, beet sprouts, cherry tomato, starter, white plate, restaurant, french cuisine, meal, lunch, gastronomy, food photography, plated dish, table, food, france, close-up, green"
10618206,https://www.pexels.com/photo/10618206/,"Concrete road bridge reflected in a calm river, black and white","under the bridge, concrete bridge, bridge pillars, graffiti, reflection, calm water, river, river bank, trees, houses, urban, infrastructure, bridge, water, high contrast, dark, monochrome, black and white, architecture, france"
10606945,https://www.pexels.com/photo/10606945/,Clear light bulb with purple flowers seen through a wire mesh,"light bulb, clear glass bulb, filament, purple flowers, wisteria, wire mesh, lamp, led, flower, purple, lavender color, pastel, dreamy, soft light, reflection, creative, garden, still life, vertical, background"
10597431,https://www.pexels.com/photo/10597431/,Close-up of pink red valerian flowers in bloom,"red valerian, centranthus, pink flowers, petals, flower cluster, beautiful flower, blooming, close-up, macro, pink, pink background, magenta, garden, spring, flora, botany, nature, floral background, vertical, phone wallpaper"
10591398,https://www.pexels.com/photo/10591398/,Blond man in profile beside a weeping willow in a park,"blond man, profile, hoodie, young man, weeping willow, park, trees, lawn, man, blonde, pensive, outdoor portrait, portrait, person, autumn, nature, monochrome, black and white, black and white background, lifestyle"
10581933,https://www.pexels.com/photo/10581933/,Ferris wheel of the Christmas market in front of Poitiers city hall,"ferris wheel, christmas market, city hall, poitiers, place du maréchal-leclerc, funfair, market stalls, crowd, bare trees, winter, christmas, architecture, town square, new aquitaine, france, city, desaturated, monochrome, black and white, travel"
10572711,https://www.pexels.com/photo/10572711/,Red and green ivy climbing a stone wall along a road,"ivy, climbing plants, virginia creeper, stone wall, red leaves, green leaves, road, sidewalk, railing, golden light, golden sunset, autumn, plants, street, urban nature, wall texture, background, colorful, france, hdr"
10565065,https://www.pexels.com/photo/10565065/,Bouquet of withered roses in a glass vase in black and white,"withered roses, dried flowers, roses, flower bouquet, glass vase, dead leaves, birdcage, kitchen, melancholy, decay, memory, vanitas, still life, flowers, interior, vertical, monochrome, black and white, grey, mood"
10556139,https://www.pexels.com/photo/10556139/,Video game elf hero figurine with sword and shield among pine cones,"figurine, video game character, elf hero, sword and shield, pine cones, collectible, toy, video games, gaming, adventure, fantasy, product shot, staged, bokeh, shallow depth of field, wooden table, green, yellow, still life, indoor"
10556063,https://www.pexels.com/photo/10556063/,Purple loosestrife in bloom on a riverbank under a cloudy summer sky,"purple loosestrife, wildflower, purple flowers, river bank, river, reflection, marsh, grass, trees, cloudy sky, blue sky, summer, beautiful flower, beauty of nature, countryside, water, france, landscape, nature, green"
10543529,https://www.pexels.com/photo/10543529/,Top of a Christmas tree with red tinsel and fairy lights,"christmas tree top, red tinsel, fairy lights, clear bauble, garlands, bauble, artificial fir, christmas decoration, christmas atmosphere, christmas, holiday season, festive, white wall, copy space, winter, green, red, still life, indoor, celebration"
10535821,https://www.pexels.com/photo/10535821/,Wicker basket of walnuts with masked people in a courtyard,"wicker basket, walnuts, nutshell, basket of nuts, wooden table, face masks, people, courtyard, market stall, autumn harvest, street scene, everyday life, pandemic, food, france, monochrome, black and white, documentary, wide angle, texture"
10535792,https://www.pexels.com/photo/10535792/,Carved wooden cuckoo clock with a bird and pine cone weights,"cuckoo clock, wall clock, carved wood, wood carving, black forest clock, bird, leaves, pine cone weights, chains, roman numerals, clock face, antique, craft, time, hour, textured wall, white wall, vintage, decoration, vertical"
10524140,https://www.pexels.com/photo/10524140/,Rustic rock arch over a park path in a romantic garden,"rock arch, stone arch, rockwork, grotto, rustic bridge, park path, romantic garden, landscape garden, trees, bamboo, fallen leaves, autumn, overexposed, high key, light effect, contrast, park, nature, garden, france"
10524139,https://www.pexels.com/photo/10524139/,Bald cypress trunk and knees on a riverbank,"bald cypress, cypress knees, tree trunk, tree roots, riverbank, river, drooping branches, green foliage, calm water, reflections, tree, bark, park, nature, landscape, summer, peaceful, outdoors, france, green"
10515562,https://www.pexels.com/photo/10515562/,Sunlit riverbank with trees and fallen leaves in late summer,"riverbank, river, trees, fallen leaves, sunlight, dappled light, calm water, reflections, green trees, foliage, late summer, autumn, woodland, peaceful, nature, landscape, outdoors, park, france, green"
10504042,https://www.pexels.com/photo/10504042/,Ivy leaves in the foreground of a sunlit lawn and greenhouse,"ivy, ivy leaves, greenhouse, glasshouse, lawn, green grass, tree, backlight, sunlight, sun, park, botanical garden, open space, garden, summer, green, low angle, nature, outdoors, france"
10486478,https://www.pexels.com/photo/10486478/,White car parked by recycling bins under autumn trees,"white car, parked car, compact car, recycling bins, glass recycling bank, waste container, trash, curb, street, autumn trees, autumn leaves, green trees, urban, roadside, recycling, environment, everyday, green background, france, sidewalk"
10473138,https://www.pexels.com/photo/10473138/,Deserted narrow shopping street at night with cobblestones and lamps,"night street, narrow street, pedestrian street, deserted street, cobblestones, street lamps, shop fronts, stone buildings, old town, alleyway, old street, perspective, night, dark background, empty, city centre, urban, moody, france, travel"
10459984,https://www.pexels.com/photo/10459984/,Profile of a tabby and white cat resting with closed eyes,"tabby cat, tabby and white cat, cat profile, closed eyes, resting cat, restful, relaxed, calm, cat, whiskers, ears, fur, balcony railing, dark background, pet, animal, portrait, close-up, domestic cat, feline"
10452966,https://www.pexels.com/photo/10452966/,Rusty iron gate before a dark building with a concrete staircase,"iron gate, rusty gate, metal bars, barrier, concrete staircase, stairs, abandoned building, dark background, shadows, wooden beams, industrial, prison, enclosed, gritty, moody, low key, architecture, texture, urban, vertical"
10443099,https://www.pexels.com/photo/10443099/,Gothic Notre-Dame church with a bright sun flare on a town square,"gothic church, notre dame, church, bell tower, sun flare, backlight, light effect, stained glass windows, gothic style, facade, town square, old town, christianity, heritage, architecture, religion, hdr, pink sky, france, travel"
10431296,https://www.pexels.com/photo/10431296/,Miniature Big Ben model with a harp and red London bus toy,"big ben model, big ben, miniature, harp, london bus, double decker bus, red bus, toy, scale model, souvenir, british, england, london, attic room, desk, still life, decoration, collection, interior, travel"
10418605,https://www.pexels.com/photo/10418605/,Sun rays bursting through storm clouds over town rooftops at sunset,"sun rays, sunbeams, crepuscular rays, storm clouds, dramatic sky, sunset, rooftops, town, cityscape, panorama, city centre, blue sky, golden hour, autumn, trees, houses, hdr, france, landscape, sky"
10405558,https://www.pexels.com/photo/10405558/,Ginger kitten creeping through tall dry grass,"ginger kitten, ginger cat, orange cat, kitten, cat, tall grass, dry grass, hiding, stalking, creeping, green eyes, pet, animal, wildlife, nature, outdoors, panoramic, cute, feline, green"
10394847,https://www.pexels.com/photo/10394847/,Close-up of purple violets on a glowing light bulb,"violets, purple flowers, light bulb, glowing bulb, glass, reflection, wire mesh, purple, mauve, close-up, macro, still life, light, glow, flower, spring, decoration, abstract, backgrounds, pastel"
10384181,https://www.pexels.com/photo/10384181/,Glowing bulb lamp with violets beside a fairy figurine and pine cones,"fairy figurine, fairy, angel wings, light bulb, bulb lamp, wire mesh lamp, violets, pine cones, figurine, stone, decoration, interior, still life, warm light, dim light, cozy, home decor, dark background, lamp, whimsical"
10375506,https://www.pexels.com/photo/10375506/,Loquat tree in a front garden under a stormy sky,"loquat tree, loquat, evergreen tree, front garden, garden, lawn, flower pot, flowers, fence, parked car, house, stormy sky, dark clouds, power lines, green leaves, tree, suburb, hdr, vertical, france"
10369144,https://www.pexels.com/photo/10369144/,"Plate of golden caramelized canelés, a French pastry from Bordeaux","canele, caneles, canele de bordeaux, french pastry, caramelized crust, small cakes, pastry, plate, white plate, dessert, sweet, baking, golden, french food, cake, food, homemade, close-up, food photography, france"
10368253,https://www.pexels.com/photo/10368253/,Low-angle view of a tabby cat walking on a residential street,"tabby cat, walking cat, low angle, worm's eye view, cat, giant perspective, residential street, parked cars, houses, street lamp, power lines, cloudy sky, asphalt, pet, animal, funny, outdoors, suburb, france, perspective"
10365716,https://www.pexels.com/photo/10365716/,White snow-in-summer flowers in a dark moody close-up,"snow in summer, cerastium, white flowers, petals, stems, flower buds, dark background, low key, moody, desaturated, close-up, flower, flowering, spring flower, spring, nature, garden, botany, plant, macro"
10355479,https://www.pexels.com/photo/10355479/,Tabby cat with green eyes sitting on asphalt,"tabby cat, green eyes, cat portrait, cat, whiskers, striped fur, sitting cat, asphalt, pavement, looking away, domestic cat, pet, animal, close-up, panoramic, outdoors, street, grey, cute, feline"
10355467,https://www.pexels.com/photo/10355467/,Pedestrian crossing a street corner with a curved modern building,"pedestrian, street corner, crosswalk, traffic light, curved building, modern building, glass facade, cars, motion blur, shop window, city street, town centre, urban, street photography, pastel, hdr, city life, architecture, france, cityscape"
10347221,https://www.pexels.com/photo/10347221/,Row of political books and a Grup Yorum album on a shelf,"books, bookshelf, book spines, political books, grup yorum, music album, shelf, bookmark, collection of books, reading, literature, paperbacks, politics, still life, interior, red, white, wood, home, culture"
10347211,https://www.pexels.com/photo/10347211/,Stone buildings and slate rooftops with chimneys under dramatic clouds,"rooftops, slate roof, chimneys, stone buildings, limestone, wrought iron fence, street lamp, parked cars, old town, dramatic clouds, blue sky, cityscape, facades, street, town, architecture, urban, hdr, france, travel"
10327809,https://www.pexels.com/photo/10327809/,Poitiers city hall with its clock tower under a deep blue sky,"poitiers city hall, slate roof, city hall, dormer windows, clock tower, facade, place du marechal leclerc, square, pedestrians, french flags, deep blue sky, clouds, poitiers, vienne, nouvelle-aquitaine, france, architecture, heritage, landmark, travel"
10310851,https://www.pexels.com/photo/10310851/,Wooden pontoon and small boat on a calm river reflecting clouds,"wooden pontoon, jetty, moored boat, barque, rowing boat, river, calm water, cloud reflections, reflections, trees, marsh, marshland, riverbank, green, summer, nature, landscape, peaceful, france, water"
10303311,https://www.pexels.com/photo/10303311/,Calm canal lined with lush trees under a cloudy sky,"canal, calm water, riverside, marsh, marshland, trees, tree trunk, lush foliage, reflections, cloudy sky, green, waterway, nature, landscape, summer, peaceful, outdoors, vertical, france, water"
10292593,https://www.pexels.com/photo/10292593/,Winding white gravel path through green trees in the marshland,"winding path, footpath, gravel path, country path, marsh, marshland, wooden fence, poplar trees, trees, green grass, greenery, walk, hiking, nature, summer, countryside, landscape, outdoors, vertical, france"
10281697,https://www.pexels.com/photo/10281697/,White hedge bindweed flower among green leaves,"hedge bindweed, bindweed, calystegia sepium, white flower, trumpet flower, morning glory, petals, green leaves, foliage, wildflower, climbing plant, flower, close-up, flowering, green, white, summer, nature, garden, plant"
10273090,https://www.pexels.com/photo/10273090/,Small weir with cascading water under a metal footbridge,"weir, small dam, cascade, waterfall, flowing water, white water, footbridge, metal railing, river, stream, stones, trees, greenery, long exposure, nature, water, park, summer, france, landscape"
10260382,https://www.pexels.com/photo/10260382/,Ginger cat running along a gravel path under a railway bridge,"ginger cat, cat running, running cat, cat, gravel path, footpath, railway bridge, iron bridge, grass, stone wall, graffiti, wide angle, perspective, pet, animal, outdoors, green, moody, france, urban"
10249058,https://www.pexels.com/photo/10249058/,Pink sacred lotus flower in bloom among lotus seed pods and leaves,"sacred lotus, lotus flower, pink lotus, nelumbo nucifera, lotus seed pod, lotus leaves, bloom, petals, water plant, aquatic plant, botanical garden, flower, lotus pond, green leaves, pink, summer, nature, garden, botany, plant"
10220497,https://www.pexels.com/photo/10220497/,Clear shallow river with a footbridge and tree reflections,"clear water, shallow river, river, riverbank, footbridge, reflections, trees, green foliage, stones, pebbles, calm water, transparent water, summer, nature, landscape, peaceful, outdoors, green, france, freshwater"
10199772,https://www.pexels.com/photo/10199772/,Ivy-covered old house with wooden shutters and a woman sitting outside,"ivy covered house, ivy, climbing plants, old house, stone facade, wooden shutters, windows, balcony, dirt path, woman, sitting, striped top, countryside, rustic, village, french house, architecture, greenery, summer, france"
10187660,https://www.pexels.com/photo/10187660/,Single airplane contrail across a clear blue sky with wispy clouds,"airplane contrail, contrail, vapor trail, jet trail, blue sky, wispy clouds, cirrus clouds, diagonal line, airplane, aviation, flight, sky, clear sky, minimalism, negative space, copy space, backgrounds, blue, daytime, nature"
10187589,https://www.pexels.com/photo/10187589/,Steep stone staircase in a narrow alley beside an old wall,"stone staircase, stairs, handrail, narrow alley, alleyway, old wall, stone wall, rusty grille, old street, passage, drainpipe, greenery, perspective, old town, urban, architecture, texture, moody, france, travel"
10187432,https://www.pexels.com/photo/10187432/,Traditional flat-bottomed boats moored along a canal in the Marais Poitevin,"marais poitevin, flat bottomed boats, barques, moored boats, canal, sevre niortaise, boat trip, quay, village houses, riverbank, sunlight reflections, clouds, summer, green venice, poitou, nouvelle-aquitaine, france, tourism, travel, water"
10187408,https://www.pexels.com/photo/10187408/,Riverside promenade along the Sèvre Niortaise with Notre-Dame spire in Niort,"sevre niortaise, niort, notre dame church, church spire, riverside promenade, quay, river, iron railing, cobblestone walkway, footbridge, reflections, cloudy sky, town, deux-sevres, nouvelle-aquitaine, france, architecture, cityscape, travel, urban"
10187396,https://www.pexels.com/photo/10187396/,Crossing aircraft contrails in a blue sky above a town square,"contrails, airplane contrails, vapor trails, crossing lines, blue sky, town square, trees, building facade, dormer windows, slate roof, silhouette, evening light, sky, airplane, aviation, town, chimneys, france, tv antennas, backgrounds"
8297886,https://www.pexels.com/photo/8297886/,Disused railway tracks overgrown with grass under a cloudy evening sky,"disused railway, railway tracks, abandoned railway, overgrown tracks, freight wagons, rail yard, railway line, catenary pole, grass, weeds, cloudy sky, evening, dramatic sky, moody, desaturated, train, rail transport, countryside, france, transport"
6858270,https://www.pexels.com/photo/6858270/,Ham and cheese baguette sandwich on a grey ceramic plate,"ham and cheese sandwich, baguette sandwich, jambon beurre, ham, cheese, baguette, crusty bread, sandwich, grey plate, ceramic plate, lunch, snack, table, french food, food, meal, bread, close-up, food photography, france"
