photo,lien,import,titre_site,galerie,raison
10327809,https://www.pexels.com/photo/10327809/,2021-11-23,L'hôtel de ville de Poitiers et son beffroi sous un ciel bleu profond,Poitiers et son pays pictave,Hôtel de ville de Poitiers et son beffroi.
10443099,https://www.pexels.com/photo/10443099/,2021-12-04,"L'église Notre-Dame-la-Grande de Poitiers et son clocher roman, dans un éclat de soleil",Poitiers et son pays pictave,"Notre-Dame-la-Grande, église romane de Poitiers."
10581933,https://www.pexels.com/photo/10581933/,2021-12-18,Grande roue du marché de Noël devant l'hôtel de ville de Poitiers,Poitiers et son pays pictave,Grande roue du marché de Noël devant l'hôtel de ville de Poitiers.
11932587,https://www.pexels.com/photo/11932587/,2022-04-25,Mairie renversée,Poitiers et son pays pictave,"Hôtel de ville de Poitiers, même beffroi et même place que 10327809."
12443176,https://www.pexels.com/photo/12443176/,2022-06-09,Toits pictaves,Poitiers et son pays pictave,Titre de l'auteur : « Toits pictaves ».
12461417,https://www.pexels.com/photo/12461417/,2022-06-11,Une merveille face à la beauté,Poitiers et son pays pictave,"Probable, confirmée par Karl Forterre le 28 septembre 2026. Vue sur une ville en coteau à travers la végétation, même point de vue que la cathédrale (juin 2022)."
12473320,https://www.pexels.com/photo/12473320/,2022-06-12,Bouquet citadin,Poitiers et son pays pictave,"Probable, confirmée par Karl Forterre le 28 septembre 2026. Vue sur la ville et un clocher, même série de juin 2022 que la cathédrale."
12484797,https://www.pexels.com/photo/12484797/,2022-06-13,Écrin verdoyant,Poitiers et son pays pictave,Cathédrale Saint-Pierre de Poitiers : façade gothique à deux tours courtes et inégales.
12496931,https://www.pexels.com/photo/12496931/,2022-06-14,Ciel vacant,Poitiers et son pays pictave,"Probable, confirmée par Karl Forterre le 28 septembre 2026. Ciel au-dessus de la ville, même série de juin 2022."
12516756,https://www.pexels.com/photo/12516756/,2022-06-16,Sculpture pictave,Poitiers et son pays pictave,Titre de l'auteur : « Sculpture pictave ».
12581745,https://www.pexels.com/photo/12581745/,2022-06-23,Défiant le ciel,Poitiers et son pays pictave,"Probable, confirmée par Karl Forterre le 28 septembre 2026. Clocher, pris le même jour que 12581896."
12581896,https://www.pexels.com/photo/12581896/,2022-06-23,Invasion végétale,Poitiers et son pays pictave,"Probable, confirmée par Karl Forterre le 28 septembre 2026. Ville vue à travers la végétation, même série de juin 2022."
16101436,https://www.pexels.com/photo/16101436/,2023-03-27,"Lutte, encore et toujours !",Poitiers et son pays pictave,"Probable, confirmée par Karl Forterre le 28 septembre 2026. Manifestation contre la réforme des retraites (mars 2023) : une pancarte se termine par « …TIERS »."
16101468,https://www.pexels.com/photo/16101468/,2023-03-27,Drapeau rouge,Poitiers et son pays pictave,"Probable, confirmée par Karl Forterre le 28 septembre 2026. Même cortège de mars 2023."
16101474,https://www.pexels.com/photo/16101474/,2023-03-27,60 ans,Poitiers et son pays pictave,"Probable, confirmée par Karl Forterre le 28 septembre 2026. Même cortège : pancarte « …TIERS »."
16113052,https://www.pexels.com/photo/16113052/,2023-03-28,La lutte,Poitiers et son pays pictave,"Probable, confirmée par Karl Forterre le 28 septembre 2026. Même cortège de mars 2023."
16113112,https://www.pexels.com/photo/16113112/,2023-03-28,Manifestation,Poitiers et son pays pictave,"Probable, confirmée par Karl Forterre le 28 septembre 2026. Même cortège de mars 2023."
16141463,https://www.pexels.com/photo/16141463/,2023-03-30,Poing levé,Poitiers et son pays pictave,"Probable, confirmée par Karl Forterre le 28 septembre 2026. Même cortège de mars 2023."
16141472,https://www.pexels.com/photo/16141472/,2023-03-30,Rouge,Poitiers et son pays pictave,"Probable, confirmée par Karl Forterre le 28 septembre 2026. Même cortège de mars 2023."
16141476,https://www.pexels.com/photo/16141476/,2023-03-30,Sous un drapeau rouge,Poitiers et son pays pictave,"Probable, confirmée par Karl Forterre le 28 septembre 2026. Même cortège de mars 2023."
16141501,https://www.pexels.com/photo/16141501/,2023-03-30,Rouge,Poitiers et son pays pictave,"Probable, confirmée par Karl Forterre le 28 septembre 2026. Même cortège de mars 2023."
17768573,https://www.pexels.com/photo/17768573/,2023-07-28,Pont pictave,Poitiers et son pays pictave,Titre de l'auteur : « Pont pictave ».
17768576,https://www.pexels.com/photo/17768576/,2023-07-28,Romance verte,Poitiers et son pays pictave,"Probable, confirmée par Karl Forterre le 28 septembre 2026. Maison au bord de l'eau, même import que « Pont pictave »."
18458017,https://www.pexels.com/photo/18458017/,2023-09-21,Étudiant sur sa route,Poitiers et son pays pictave,"Bus Vitalis à destination d'Édith Augustin, terminus du réseau de Poitiers."
18890794,https://www.pexels.com/photo/18890794/,2023-10-26,Cathédrale de Poitiers,Poitiers et son pays pictave,Titre de l'auteur : « Cathédrale de Poitiers ».
18890798,https://www.pexels.com/photo/18890798/,2023-10-26,Cathédrale au matin,Poitiers et son pays pictave,"Façade de la cathédrale Saint-Pierre de Poitiers, même import que « Cathédrale de Poitiers »."
18890846,https://www.pexels.com/photo/18890846/,2023-10-26,Présage d'automne,Poitiers et son pays pictave,"Probable, confirmée par Karl Forterre le 28 septembre 2026. Rivière en automne, même import que la cathédrale de Poitiers (le Clain ?)."
18890872,https://www.pexels.com/photo/18890872/,2023-10-26,Marches sur l'automne,Poitiers et son pays pictave,"Probable, confirmée par Karl Forterre le 28 septembre 2026. Escalier descendant vers l'eau, même import que la cathédrale."
18890992,https://www.pexels.com/photo/18890992/,2023-10-26,Saint,Poitiers et son pays pictave,"Probable, confirmée par Karl Forterre le 28 septembre 2026. Façade d'église à rosace, même import que la cathédrale."
18964815,https://www.pexels.com/photo/18964815/,2023-11-01,Façade et campanile de l'hôtel de ville de Poitiers avec drapeaux sous un ciel d'orage,Poitiers et son pays pictave,Beffroi de l'hôtel de ville de Poitiers.
18986604,https://www.pexels.com/photo/18986604/,2023-11-02,Pluie pistage,Poitiers et son pays pictave,"Probable, confirmée par Karl Forterre le 28 septembre 2026. Façade ancienne et grue, entre deux imports de Poitiers (novembre 2023)."
19047674,https://www.pexels.com/photo/19047674/,2023-11-07,Statue de la liberté,Poitiers et son pays pictave,"Probable, confirmée par Karl Forterre le 28 septembre 2026. Statue tenant un lampadaire, même import que la rue animée de Poitiers."
19047675,https://www.pexels.com/photo/19047675/,2023-11-07,Déchets,Poitiers et son pays pictave,"Probable, confirmée par Karl Forterre le 28 septembre 2026. Sacs-poubelle entre des façades anciennes, même import."
19047680,https://www.pexels.com/photo/19047680/,2023-11-07,Femmes passant devant un mur de pierre sous un clocher,Poitiers et son pays pictave,"Probable, confirmée par Karl Forterre le 28 septembre 2026. Ruelle et clocher d'ardoise à clochetons verts, même import."
19047681,https://www.pexels.com/photo/19047681/,2023-11-07,"Vue aérienne en noir et blanc d'un train en gare, symbole du transport urbain",Poitiers et son pays pictave,"Probable, confirmée par Karl Forterre le 28 septembre 2026. Train en gare vu d'en haut, même import (gare de Poitiers ?)."
19047688,https://www.pexels.com/photo/19047688/,2023-11-07,"Une rue animée de Poitiers, entre architecture moderne et classique",Poitiers et son pays pictave,Titre de l'auteur : rue animée de Poitiers.
19059623,https://www.pexels.com/photo/19059623/,2023-11-08,Homme en costume sur un escalator extérieur en noir et blanc,Poitiers et son pays pictave,"Probable, confirmée par Karl Forterre le 28 septembre 2026. Escalator extérieur, import du « Balcon pictave »."
19059634,https://www.pexels.com/photo/19059634/,2023-11-08,Soleil perçant,Poitiers et son pays pictave,"Probable, confirmée par Karl Forterre le 28 septembre 2026. Toits et tourelle à dôme, import du « Balcon pictave »."
19059635,https://www.pexels.com/photo/19059635/,2023-11-08,Balcon Pictave,Poitiers et son pays pictave,Titre de l'auteur : « Balcon pictave ».
21906959,https://www.pexels.com/photo/21906959/,2024-04-19,Un ciel bleuté,Poitiers et son pays pictave,"Probable, confirmée par Karl Forterre le 28 septembre 2026. Clocher d'ardoise à clochetons verts, le même que sur 19047680."
22667987,https://www.pexels.com/photo/22667987/,2024-04-25,Printemps des coeurs,Poitiers et son pays pictave,"Probable, confirmée par Karl Forterre le 28 septembre 2026. Terrasse au-dessus d'une ville en coteau, même import que « Poitiers »."
22667989,https://www.pexels.com/photo/22667989/,2024-04-25,Poitiers,Poitiers et son pays pictave,Titre de l'auteur : « Poitiers ».
25182670,https://www.pexels.com/photo/25182670/,2024-05-28,Train du Poitou,Poitiers et son pays pictave,« Train du Poitou » (titre de l'auteur) : campagne du Poitou ; rangé dans cette galerie par Karl Forterre le 28 septembre 2026.
27025911,https://www.pexels.com/photo/27025911/,2024-07-07,Le portail,Poitiers et son pays pictave,"Probable, confirmée par Karl Forterre le 28 septembre 2026. Passage voûté vu à travers une grille, même import que « Cordeliers »."
27025916,https://www.pexels.com/photo/27025916/,2024-07-07,Cordeliers,Poitiers et son pays pictave,"Titre de l'auteur : « Cordeliers », centre commercial de Poitiers."
27025918,https://www.pexels.com/photo/27025918/,2024-07-07,Législative,Poitiers et son pays pictave,"Probable, confirmée par Karl Forterre le 28 septembre 2026. Soirée des élections législatives de 2024, même import que « Cordeliers »."
27046197,https://www.pexels.com/photo/27046197/,2024-07-08,Terrasse noire,Poitiers et son pays pictave,"Probable, confirmée par Karl Forterre le 28 septembre 2026. Terrasse de restaurant, même import que « Cordeliers »."
27046198,https://www.pexels.com/photo/27046198/,2024-07-08,Notre-Dame,Poitiers et son pays pictave,"Probable, confirmée par Karl Forterre le 28 septembre 2026. Arrêt de bus « Notre-Dame », même import que « Cordeliers »."
31514836,https://www.pexels.com/photo/31514836/,2025-04-06,Il revient seul,Poitiers et son pays pictave,"Pigeon : à Poitiers, d'après Karl Forterre."
31514839,https://www.pexels.com/photo/31514839/,2025-04-06,La rencontre,Poitiers et son pays pictave,"Pigeons : à Poitiers, d'après Karl Forterre."
31514842,https://www.pexels.com/photo/31514842/,2025-04-06,Il marche seul,Poitiers et son pays pictave,"Pigeon blanc : à Poitiers, d'après Karl Forterre."
32429185,https://www.pexels.com/photo/32429185/,2025-06-05,Amour amour large,Poitiers et son pays pictave,"Probable, confirmée par Karl Forterre le 28 septembre 2026. Couple sur un banc de parc, même import que la rue de Blossac."
32429189,https://www.pexels.com/photo/32429189/,2025-06-05,Couloir vers l'impasse,Poitiers et son pays pictave,"Probable, confirmée par Karl Forterre le 28 septembre 2026. Ruelle entre deux murs couverts de lierre, même import que la rue de Blossac."
32429191,https://www.pexels.com/photo/32429191/,2025-06-05,Terrasse française,Poitiers et son pays pictave,"Probable, confirmée par Karl Forterre le 28 septembre 2026. Terrasse de café, enseigne « Régent », même import que la rue de Blossac."
32429192,https://www.pexels.com/photo/32429192/,2025-06-05,Amour amour,Poitiers et son pays pictave,"Probable, confirmée par Karl Forterre le 28 septembre 2026. Même couple, même banc."
32429264,https://www.pexels.com/photo/32429264/,2025-06-05,Porte bleue,Poitiers et son pays pictave,"Plaque de la rue de Blossac (« Paul-Marie de la Bourdonnaye de Blossac, intendant »), à Poitiers."
32429268,https://www.pexels.com/photo/32429268/,2025-06-05,Marche,Poitiers et son pays pictave,"Probable, confirmée par Karl Forterre le 28 septembre 2026. Allée à fontaine dans un jardin public, même import que la rue de Blossac."
32429296,https://www.pexels.com/photo/32429296/,2025-06-05,Béret,Poitiers et son pays pictave,"Probable, confirmée par Karl Forterre le 28 septembre 2026. Même terrasse (enseigne « Régent »)."
34342114,https://www.pexels.com/photo/34342114/,2025-10-17,Aqueduc et tradition 2,Poitiers et son pays pictave,"Viaduc de pierre à arches (import du 17 octobre 2025), lieu non identifié ; rangé dans cette galerie par Karl Forterre le 28 septembre 2026."
34342126,https://www.pexels.com/photo/34342126/,2025-10-17,Aqueduc et tradition,Poitiers et son pays pictave,"Viaduc de pierre à arches (import du 17 octobre 2025), lieu non identifié ; rangé dans cette galerie par Karl Forterre le 28 septembre 2026."
34342137,https://www.pexels.com/photo/34342137/,2025-10-17,Branche et pierres dissimulées,Poitiers et son pays pictave,"Viaduc de pierre à arches (import du 17 octobre 2025), lieu non identifié ; rangé dans cette galerie par Karl Forterre le 28 septembre 2026."
34342141,https://www.pexels.com/photo/34342141/,2025-10-17,Un rempart percé,Poitiers et son pays pictave,"Viaduc de pierre à arches (import du 17 octobre 2025), lieu non identifié ; rangé dans cette galerie par Karl Forterre le 28 septembre 2026."
34342146,https://www.pexels.com/photo/34342146/,2025-10-17,Pont sous les ordres,Poitiers et son pays pictave,"Viaduc de pierre à arches (import du 17 octobre 2025), lieu non identifié ; rangé dans cette galerie par Karl Forterre le 28 septembre 2026."
34342152,https://www.pexels.com/photo/34342152/,2025-10-17,Aqueduc et village,Poitiers et son pays pictave,"Viaduc de pierre à arches (import du 17 octobre 2025), lieu non identifié ; rangé dans cette galerie par Karl Forterre le 28 septembre 2026."
34342153,https://www.pexels.com/photo/34342153/,2025-10-17,Arche,Poitiers et son pays pictave,"Viaduc de pierre à arches (import du 17 octobre 2025), lieu non identifié ; rangé dans cette galerie par Karl Forterre le 28 septembre 2026."
10187432,https://www.pexels.com/photo/10187432/,2021-11-09,Barques traditionnelles amarrées le long d'un canal dans le Marais poitevin,Marais poitevin,Barques traditionnelles amarrées le long d'un quai de village du Marais poitevin (sans doute Coulon ou La Garette).
10199772,https://www.pexels.com/photo/10199772/,2021-11-10,Vieille maison couverte de lierre aux volets de bois et femme assise devant,Marais poitevin,"Probable, confirmée par Karl Forterre le 28 septembre 2026. Maison couverte de lierre, mots-clés de l'auteur « maison, marais »."
10292593,https://www.pexels.com/photo/10292593/,2021-11-19,Chemin de gravier blanc sinueux entre les arbres verts du marais,Marais poitevin,"Probable, confirmée par Karl Forterre le 28 septembre 2026. Chemin de gravier dans le marais, mots-clés de l'auteur « marsh, road »."
10303311,https://www.pexels.com/photo/10303311/,2021-11-20,Canal paisible bordé d'arbres luxuriants sous un ciel nuageux,Marais poitevin,"Probable, confirmée par Karl Forterre le 28 septembre 2026. Conche bordée d'arbres, mots-clés de l'auteur « marsh, riverside »."
10310851,https://www.pexels.com/photo/10310851/,2021-11-21,Ponton en bois et petite barque sur une rivière calme reflétant les nuages,Marais poitevin,"Probable, confirmée par Karl Forterre le 28 septembre 2026. Ponton et barque, mots-clés de l'auteur « barque, boat, pontoon »."
10556063,https://www.pexels.com/photo/10556063/,2021-12-15,Salicaire en fleurs sur une berge de rivière sous un ciel d'été nuageux,Marais poitevin,"Probable, confirmée par Karl Forterre le 28 septembre 2026. Salicaire au bord de l'eau, mot-clé de l'auteur « marsh »."
10652212,https://www.pexels.com/photo/10652212/,2021-12-26,Pêcheur à la ligne sur une berge verdoyante bordée de grands arbres,Marais poitevin,"Probable, confirmée par Karl Forterre le 28 septembre 2026. Pêcheur sur une rive, mots-clés de l'auteur « marsh, swamps »."
18099951,https://www.pexels.com/photo/18099951/,2023-08-23,Maraîchines,Marais poitevin,"Titre de l'auteur « Maraîchines » : vaches de race maraîchine, celle du Marais poitevin."
21992034,https://www.pexels.com/photo/21992034/,2024-04-21,Rencontre du marais,Marais poitevin,"Probable, confirmée par Karl Forterre le 28 septembre 2026. Titre de l'auteur « Rencontre du marais » : chat noir près d'une ferme."
21992037,https://www.pexels.com/photo/21992037/,2024-04-21,La vie à la ferme,Marais poitevin,"Probable, confirmée par Karl Forterre le 28 septembre 2026. Même ferme et même chat que « Rencontre du marais »."
23414384,https://www.pexels.com/photo/23414384/,2024-05-04,Marais niortais,Marais poitevin,Titre de l'auteur « Marais niortais » : le marais dans la commune de Niort (confirmé par Karl Forterre).
29136746,https://www.pexels.com/photo/29136746/,2024-10-28,Barque,Marais poitevin,"Titre de l'auteur « Barque » : barque amarrée dans une conche, même import qu'« Arçais »."
29136752,https://www.pexels.com/photo/29136752/,2024-10-28,Le marais,Marais poitevin,"Titre de l'auteur « Le marais » : barques sur une rive ombragée, même import qu'« Arçais »."
29136905,https://www.pexels.com/photo/29136905/,2024-10-28,Arçais,Marais poitevin,"Canal du Marais poitevin à Arçais : titre de l'auteur « Airais », corrigé en « Arçais » par Karl Forterre le 28 septembre 2026."
36652486,https://www.pexels.com/photo/36652486/,2026-03-20,Ruisseau scintillant traversant une végétation printanière vers un lac calme,Marais poitevin,"Probable, confirmée par Karl Forterre le 28 septembre 2026. Ruisseau au printemps, même import que la passerelle."
36652487,https://www.pexels.com/photo/36652487/,2026-03-20,Homme traversant une passerelle verte sous des saules pleureurs ensoleillés,Marais poitevin,"Probable, confirmée par Karl Forterre le 28 septembre 2026. Passerelle verte sous les saules, mot-clé de l'auteur « marsh »."
36652526,https://www.pexels.com/photo/36652526/,2026-03-20,Chemin de campagne longeant un ruisseau bordé d'arbres au début du printemps,Marais poitevin,"Probable, confirmée par Karl Forterre le 28 septembre 2026. Chemin le long d'un ruisseau, même import que la passerelle."
