date,photo,theme,bluesky
2026-10-01,10405558,#PhotoOctober 1 : Orange,#UnJourUnePhoto #PhotoOctober\n1/10 : Orange\n\nChaton roux se faufilant dans les hautes herbes sèches
2026-10-02,34793919,#PhotoOctober 2 : Oiseau,#UnJourUnePhoto #PhotoOctober\n2/10 : Oiseau\n\nGros plan sur un moineau domestique perché sur une pierre
2026-10-03,38971384,#PhotoOctober 3 : Oh !,"#UnJourUnePhoto #PhotoOctober\n3/10 : Oh !\n\nUn feu d'artifice coloré illumine le ciel nocturne au-dessus de Foz, en Galice"
2026-10-04,35375606,#PhotoOctober 4 : Obscur,#UnJourUnePhoto #PhotoOctober #NoirEtBlanc\n4/10 : Obscur\n\nLanterne suspendue éclairant un couloir sombre et vide en noir et blanc
2026-10-05,34930396,#PhotoOctober 5 : Océan,#UnJourUnePhoto #PhotoOctober\n5/10 : Océan\n\nVagues bleues formant une texture aquatique abstraite
2026-10-06,37296561,#PhotoOctober 6 : Odorant,#UnJourUnePhoto #PhotoOctober\n6/10 : Odorant\n\nGrains de café versés d'une cuillère en bois dans un moulin manuel
2026-10-07,18332906,#PhotoOctober 7 : Original,#UnJourUnePhoto #PhotoOctober\n7/10 : Original\n\nCitrouillesque
2026-10-09,35119805,#PhotoOctober 9 : Objet inutile,#UnJourUnePhoto #PhotoOctober\n9/10 : Objet inutile\n\nGros plan d'un vieux fût de canon noir sur un affût à roue en bois
2026-10-10,39208846,#PhotoOctober 10 : Ombre,#UnJourUnePhoto #PhotoOctober\n10/10 : Ombre\n\nUne tige séchée dessine une ombre délicate sur un rocher moussu ensoleillé
2026-10-12,34956322,#PhotoOctober 12 : Oubli/oublié,"#UnJourUnePhoto #PhotoOctober #NoirEtBlanc\n12/10 : Oubli/oublié\n\nBarque abandonnée sur un rivage rocheux, en noir et blanc"
2026-10-13,13263155,#PhotoOctober 13 : Ouvrage,#UnJourUnePhoto #PhotoOctober #NoirEtBlanc\n13/10 : Ouvrage\n\nAqueduc de Laval
2026-10-14,10187589,#PhotoOctober 14 : Oblique,#UnJourUnePhoto #PhotoOctober\n14/10 : Oblique\n\nEscalier de pierre raide dans une ruelle étroite le long d'un vieux mur
2026-10-15,38712877,#PhotoOctober 15 : Objet précieux,#UnJourUnePhoto #PhotoOctober\n15/10 : Objet précieux\n\nAlliances en or posées dans un vide-poche en pierre sculptée avec une améthyste
2026-10-17,23414383,#PhotoOctober 17 : Ocre,#UnJourUnePhoto #PhotoOctober\n17/10 : Ocre\n\nUn banc en bois serein entouré d'un feuillage d'automne éclatant dans un parc paisible
2026-10-18,38570603,#PhotoOctober 18 : Osé,#UnJourUnePhoto #PhotoOctober\n18/10 : Osé\n\nGraffiti « je t'aime » peint en violet sur une surface orangée et rouillée
2026-10-19,10369144,#PhotoOctober 19 : Onctueux,"#UnJourUnePhoto #PhotoOctober\n19/10 : Onctueux\n\nAssiette de cannelés dorés et caramélisés, pâtisserie bordelaise"
2026-10-20,10220497,#PhotoOctober 20 : Onde,#UnJourUnePhoto #PhotoOctober\n20/10 : Onde\n\nRivière claire et peu profonde avec une passerelle et le reflet des arbres
2026-10-21,10699313,#PhotoOctober 21 : Oreille,#UnJourUnePhoto #PhotoOctober #NoirEtBlanc\n21/10 : Oreille\n\nPortrait en noir et blanc d'un chat tigré curieux
2026-10-22,34500332,#PhotoOctober 22 : Ouvert/ouverture,"#UnJourUnePhoto #PhotoOctober #NoirEtBlanc\n22/10 : Ouvert/ouverture\n\nVue à travers une arche historique, avec une voiture et un cycliste, en noir et blanc"
2026-10-24,39376206,#PhotoOctober 24 : Œuvre,"#UnJourUnePhoto #PhotoOctober\n24/10 : Œuvre\n\nStatue en bronze d'une figure ailée de la Liberté tenant une chaîne brisée, à Bordeaux"
2026-10-25,10652212,#PhotoOctober 25 : Occupation,#UnJourUnePhoto #PhotoOctober\n25/10 : Occupation\n\nPêcheur à la ligne sur une berge verdoyante bordée de grands arbres
2026-10-26,35168744,#PhotoOctober 26 : Œil,#UnJourUnePhoto #PhotoOctober\n26/10 : Œil\n\nPortrait en gros plan d'un chat tigré aux yeux verts intenses
2026-10-27,36170133,#PhotoOctober 27 : Obsédant,#UnJourUnePhoto #PhotoOctober #FleurisTonFil\n27/10 : Obsédant\n\nGros plan macro sur les pétales en spirale d'une rose rouge profond
2026-10-28,34978560,#PhotoOctober 28 : Opaque,#UnJourUnePhoto #PhotoOctober\n28/10 : Opaque\n\nEntrée de maison éclairée par une seule lampe par une nuit de brouillard
2026-10-29,38694057,#PhotoOctober 29 : Ordre,#UnJourUnePhoto #PhotoOctober\n29/10 : Ordre\n\nVue aérienne des parterres élaborés des jardins de Villandry
2026-10-30,10418605,#PhotoOctober 30 : Orage,#UnJourUnePhoto #PhotoOctober\n30/10 : Orage\n\nRayons de soleil perçant les nuages d'orage au-dessus des toits au coucher du soleil
