photo,legende,hashtags
13102252,"Entre le bleu de la nuit et l'orange du soleil couché, un croissant de lune à peine né. Le ciel a gardé toutes ses couleurs pour lui ; la lune, elle, se contente d'un trait. C'est ma photo la plus vue sur Pexels : plus de 88 000 fois.","#CroissantDeLune #Crépuscule #Ciel #Lune #Astronomie"
27116682,"Il suffit d'éteindre la ville pour allumer les étoiles. Cette nuit-là, la Voie lactée coulait comme une rivière de lait sur l'encre du ciel.","#VoieLactée #CielÉtoilé #Astrophotographie #Nuit #Étoiles"
13087478,"À Moyemont, dans les Vosges, un chemin de terre file sous les arbres. L'été y avance à pas lents ; on le suivrait volontiers, sans demander où il mène.","#Vosges #Moyemont #Chemin #Forêt #Été"
19047681,"À Poitiers, vu d'en haut, un TGV en gare ressemble à une ligne d'écriture qui attend son point. Chaque matin s'y écrivent les trajets de celles et ceux qui font tourner le pays.","#Poitiers #TGV #Gare #NoirEtBlanc #Train"
34894953,"Le phare du Loup, aux îles Chausey, monte la garde dans la brume. Solitaire, oui, mais jamais inutile : il veille sur tous ceux qui passent.","#Chausey #Phare #Brume #Mer #Normandie"
31514838,"Une rose, de près, c'est une affaire de plis et de patience. Chaque pétale garde un peu de lumière pour le suivant.","#Rose #Fleur #GrosPlan #Macro #Photographie"
34500384,"À Cognac, la mairie se dresse au milieu de son jardin public, sous le drapeau tricolore. Une maison commune au sens premier : elle appartient à tout le monde.","#Cognac #Charente #HôtelDeVille #Architecture #CielBleu"
12076681,"Angoulême a le sens du décor : une façade soignée, un ciel d'un bleu franc, et l'on se croirait dans une case de bande dessinée.","#Angoulême #Charente #Architecture #Patrimoine #CielBleu"
34930396,"La mer écrit sans jamais se relire. De près, ses vagues font une page bleue, froissée puis lissée, à l'infini.","#Mer #Vagues #Bleu #Eau #Texture"
23414381,"Chez moi, à Niort, les flèches de Saint-André dépassent des toits comme deux crayons bien taillés. De quoi dessiner le ciel.","#Niort #DeuxSèvres #ÉgliseSaintAndré #SèvreNiortaise #Patrimoine"
19047688,"Dans une rue animée de Poitiers, les vieilles pierres et les vitrines d'aujourd'hui font bon ménage. Une ville, c'est une conversation entre les époques.","#Poitiers #Vienne #Rue #Ville #Architecture"
38536479,"Un sourire assuré, des lunettes, une barbe bien tenue : certains portraits se passent de légende. Celui-ci en a une quand même.","#Portrait #LumièreNaturelle #Bokeh #Sourire #Photographie"
34828680,"Un goéland sur un muret, l'œil sur l'horizon. Il ne pose pas : il attend son heure.","#Goéland #Oiseau #Mer #Littoral #Nature"
34793919,"On ne regarde jamais assez les moineaux. Celui-ci, perché sur sa pierre, avait l'air de le savoir.","#Moineau #Oiseau #Nature #Plumage #Photographie"
34849705,"À l'abbaye du Mont-Saint-Michel, les arches s'élancent et la lumière traverse les vitraux. Des générations de bâtisseurs anonymes ont monté ces pierres, bloc après bloc.","#MontSaintMichel #Abbaye #Gothique #Vitraux #Patrimoine"
23414382,"L'église Saint-André, à Niort, avec la Sèvre niortaise au premier plan. Cette photo a illustré la campagne « Niort à Gauche ».","#Niort #SèvreNiortaise #ÉgliseSaintAndré #DeuxSèvres #Rivière"
34793920,"Un moineau domestique, de profil, sur un rocher. Son plumage brun et crème se confond presque avec la pierre.","#Moineau #Oiseau #Nature #Faune #Photographie"
23414383,"Un banc vide dans un parc de Niort, à l'automne, au milieu des feuillages dorés.","#Niort #Automne #Parc #Banc #Feuillage"
34956321,"Un goéland posé sur une croix de granit, en noir et blanc. Cette photo a été reprise par CNN et par le New York Times.","#NoirEtBlanc #Goéland #Oiseau #Granit #Photographie"
35086239,"Un coin de prairie couvert de petites fleurs blanches au cœur jaune, entre les têtes déjà fanées.","#FleursSauvages #Prairie #Fleurs #Nature #Botanique"
33035661,"Les deux flèches de l'église Saint-André, à Niort, entre les arbres, en été. Avec la flèche de Notre-Dame, elles dominent la ville.","#Niort #ÉgliseSaintAndré #DeuxSèvres #Été #Architecture"
34793918,"Un moineau sur un rocher, tout petit dans le cadre. Cette photo a été reprise par Dictionary.com et TheFreeDictionary.","#Moineau #Oiseau #Nature #Faune #Minimalisme"
32053231,"À Angers, l'église Notre-Dame-des-Victoires alterne le tuffeau blanc et le schiste sombre, les deux pierres de l'Anjou. Un édifice de style romano-byzantin, en plein centre-ville.","#Angers #Anjou #Église #Architecture #Patrimoine"
34894970,"Le phare de la Grande-Île de Chausey, au-dessus des maisons et des bateaux au mouillage, sous un ciel chargé. Les marées de l'archipel comptent parmi les plus fortes d'Europe.","#Chausey #Phare #Granville #Normandie #Mer"
34342149,"Une barque remplie de feuilles mortes, sur une eau qui en est couverte elle aussi. L'automne, en noir et blanc.","#NoirEtBlanc #Automne #Barque #FeuillesMortes #Eau"
34894969,"Aux îles Chausey, une pyramide de pierre entre les arbres, face à la mer et aux îlots. L'archipel, au large de Granville, ne se rejoint qu'en bateau, et le nombre de ses îles change avec la marée.","#Chausey #Granville #Normandie #Mer #Îles"
34939467,"Une tourelle blanche coiffée de noir, seule sur une butte d'herbe et de rochers, sous un ciel gris.","#Phare #Mer #Littoral #Normandie #Rochers"
35024039,"Des blocs de granit posés les uns sur les autres, sous un ciel de nuages. C'est l'érosion, et non la main humaine, qui les a sculptés ainsi.","#Rochers #Granit #Nature #Géologie #Ciel"
33035642,"La tour Montparnasse, vue d'en bas, en noir et blanc. Achevée en 1973, elle est restée près de quarante ans le plus haut immeuble de France.","#Paris #TourMontparnasse #NoirEtBlanc #Architecture #Ciel"
34500332,"Sous une vieille arche de pierre, des marches, une rue pavée et des voitures garées ; au premier plan, un cycliste passe. En noir et blanc.","#NoirEtBlanc #Arche #Vélo #Rue #Pierre"
34500328,"Une maison au bord de la rivière, presque cachée par les arbres en pleine feuille. En noir et blanc.","#NoirEtBlanc #Rivière #Forêt #Maison #Nature"
38536480,"À la terrasse d'un café, une boisson bien fraîche et un sourire tranquille. Il y a des pauses qui valent un long voyage.",#Portrait #Terrasse #Café #Détente #Photographie
38694057,"À Villandry, en Touraine, les jardins se lisent d'en haut comme une broderie : buis taillés au cordeau, carrés du potager, allées tirées à la règle. Je suis venu pour ces jardins à la française, héritiers de plusieurs siècles de tradition.",#Villandry #Jardin #ValDeLoire #Touraine #Patrimoine
34956322,"Une barque oubliée sur le rivage, entre le sable et les rochers. En noir et blanc, elle a tout d'un souvenir : on ne sait plus très bien qui l'a laissée là.",#NoirEtBlanc #Barque #Mer #Rivage #Solitude
36170132,"À Niort, au printemps, l'eau est montée sur le chemin des berges, et deux canards nagent là où l'on se promène d'habitude. La ville prête ses quais à ceux qui savent nager.",#Niort #Crue #Canards #NoirEtBlanc #DeuxSèvres
34908867,"Aux îles Chausey, une maison posée sur les rochers regarde la mer. L'archipel, au large de Granville, ne se rejoint qu'en bateau : la vue, ici, se mérite.",#Chausey #Granville #Normandie #Mer #Île
