anglais,chinois
14 july,7月14日
19th century,19世纪
4k,4K
4k background,4K背景
abandoned,废弃
abandoned building,废弃建筑
abbey,修道院
abstract,抽象
abstract art,抽象艺术
acier,钢铁
action,动作
active lifestyle,积极生活方式
activity,活动
adorable,可爱
adorable pet,可爱宠物
adult,成人
adult male,成年男性
adventure,冒险
aerial view,航拍
after rain,雨后
afterparty,派对余兴
agriculture,农业
aid,援助
air vent,通风口
alarm clock,闹钟
albizia julibrissin,合欢树
alcohol,酒精
alcove,壁龛
alert ears,竖耳
allegorical figure,寓言人物
allegorical figures,寓言人物
alleyway,小巷
altar,祭坛
althea,木槿
ambient light,环境光
amethyst,紫水晶
anarchy,无政府主义
anatomy,解剖
ancient,古代
ancient house,古宅
ancient monument,古迹
ancient sculpture,古代雕塑
andromeda galaxy,仙女座星系
angel,天使
anger,愤怒
angers,昂热
angle of photography,拍摄角度
angora,安哥拉
angoulême,昂古莱姆
animal,动物
animal curiosity,动物好奇心
animal lover,动物爱好者
animals,动物
anomaly,异常
antenna,天线
antique kitchen,古董厨房
apartment building,公寓楼
apartment buildings,公寓楼
aperitif,开胃酒
apple,苹果
apse,后殿
aqua,水蓝色
aquatic,水生
aquatic plants,水生植物
aqueduct,引水渠
arbre,树
arc de triomphe,凯旋门
arc en ciel,彩虹
arcade,拱廊
arch,拱门
archaelogy,考古
archaeology,考古
arched entrance,拱形入口
arches,拱门
architectural,建筑
architectural pattern,建筑图案
architecture,建筑
architecture detail,建筑细节
archs,拱门
argentique,胶片摄影
armistice,停战
arrière plan,背景
arrows,箭头
art,艺术
artefact lumineux,光斑
artifact,文物
artifacts,文物
artistic,艺术
artistic angle,艺术视角
artwork,艺术品
as catedrais,大教堂海滩
asia,亚洲
asian restaurant,亚洲餐厅
assertive,自信
astrography,天体摄影
astrology,占星术
astronomical,天文
astronomical art,天文艺术
astronomy,天文学
astrophotography,天文摄影
astrophysics,天体物理学
asturias,阿斯图里亚斯
at home,在家
atlantic coast,大西洋海岸
atlantic ocean,大西洋
atmosphere,氛围
atmospheric,氛围感
atmospheric haze,薄雾
atrium,中庭
attentive,专注
authentic,真实
author,作者
automotive,汽车
autumn,秋天
autumn atmosphe,秋日氛围
autumn colours,秋色
autumnal,秋意
aventurine,砂金石
avenue,大道
avian,鸟类
awnings,遮阳篷
azura,天蓝色
baby blue,淡蓝色
baby dog,小狗
back,背部
backgound,背景
backgroud,背景
background,背景
background bokeh,背景虚化
backlight,逆光
backlit,逆光
backpack,背包
bacon,培根
bain,沐浴
balconies,阳台
balcony,阳台
bald,秃头
balustrade,栏杆
bank,河岸
bar,酒吧
barbed,带刺
barbed wire,铁丝网
barn,谷仓
baroque altarpiece,巴洛克祭坛画
baroque architecture,巴洛克建筑
baroque tower,巴洛克塔楼
barque,小船
barrier,屏障
barriers,屏障
bas-relief,浮雕
baseball cap,棒球帽
basilica,大教堂
basque,巴斯克
basque country,巴斯克地区
basque culture,巴斯克文化
basque symbol,巴斯克标志
bastille day,巴士底日
bathing,沐浴
batiment,建筑
bay horse,栗色马
beach,海滩
beachside,海边
beak,喙
beard,胡须
beaute,美丽
beautiful flower,美丽的花
beautiful girl,美丽女孩
beautiful landscape,美丽风景
beautiful presentation,精美展示
beautiful sky,美丽天空
beautiful sunset,美丽日落
beautiful wallpaper,唯美壁纸
beauty,美丽
beauty in nature,自然之美
beauty nature,自然之美
beauty of nature,自然之美
bed,床
bedding,床上用品
bedding plant,花坛植物
bedding plants,花坛植物
beer,啤酒
begonia,秋海棠
begonias,秋海棠
beige,米色
bell,钟
bell tower,钟楼
bell towers,钟楼
belle epoque,美好年代
belle époque,美好年代
bench,长椅
beret,贝雷帽
beverage,饮料
bezel,表圈
bicycle,自行车
bike trip,骑行之旅
bilbao,毕尔巴鄂
billy goat,公山羊
bird,鸟
bird colony,鸟群
birds,鸟类
black,黑色
black and white,黑白
black and white animal,黑白动物
black and white art,黑白艺术
black and white background,黑白背景
black and white cat,黑白猫
black background,黑色背景
black cat,黑猫
black sun,黑色太阳
blackboard,黑板
blade,刀刃
blanc,白色
blanche,白色
blazing fire,熊熊烈火
blonde,金发
blonde d'aquitaine,阿基坦金牛
bloom,绽放
blooming,盛开
blooms,花朵
blossom,花开
blue,蓝色
blue and pink,蓝粉色
blue and pink sky,蓝粉色天空
blue background,蓝色背景
blue eyes,蓝眼睛
blue flowers,蓝色花朵
blue haze,蓝色薄雾
blue light,蓝光
blue mountains,蓝色山脉
blue plate,蓝色盘子
blue roof,蓝色屋顶
blue sky,蓝天
blue tones,蓝色调
blur,模糊
blurred,模糊
blurred background,背景虚化
blurred crowd,模糊人群
blurred foreground,前景虚化
blurred lights,模糊灯光
board,木板
boardwalk,木栈道
boat,船
boat wake,船尾浪
bodega,酒窖
bois,木头
bokeh,焦外虚化
bonjour,你好
book,书
book lover,爱书人
book mark,书签
book stack,书堆
books,书籍
bookshelf,书架
bordeaux,波尔多
border collie,边境牧羊犬
botanic,植物
botanical,植物
bottle,瓶子
bougainvillea,三角梅
boulder,巨石
boulders,巨石
bouquet,花束
bourgogne-franche-comte,勃艮第-弗朗什-孔泰
bovine,牛
boxwood hedges,黄杨树篱
boxwood parterre,黄杨花坛
boy,男孩
bracelet,手链
branch,树枝
branches,树枝
bread,面包
break room,休息室
breakfast,早餐
breakfest,早餐
breaking,破碎
breakwater,防波堤
breccia,角砾岩
bretagne,布列塔尼
brick,砖
brick building,砖楼
bridge,桥
bridge railing,桥栏杆
briefcase,公文包
bright colors,鲜艳色彩
bright light,明亮光线
bright sky,明亮天空
brightsun,明亮阳光
bristles,鬃毛
broken,破碎
broken chain,断链
broken white,米白色
bronze sculpture,青铜雕塑
bronze statue,青铜雕像
bronze statues,青铜雕像
brook,小溪
brouter,吃草
brown,棕色
brown color,棕色
brown eyes,棕色眼睛
brunette,棕发
buche,木柴
bud,花苞
buddha statue,佛像
budding,含苞待放
buffalo mozzarella,水牛马苏里拉奶酪
building,建筑
building exterior,建筑外观
building facade,建筑立面
buildings,建筑物
bulwark,壁垒
bus stop,公交站
buses,公交车
bush,灌木
busking,街头表演
busy street,繁忙街道
butter,黄油
buzy,繁忙
cafe terrace,咖啡馆露台
café,咖啡馆
cairn,石堆
calculation sheet,计算表
calf,小牛
calm,平静
calm sea,平静的海
calm water,平静的水面
calming vibes,宁静氛围
camino de santiago,圣地亚哥朝圣之路
camping chairs,露营椅
campus,校园
canal,运河
candelabra,烛台
candid,抓拍
candle flames,烛焰
candlelight,烛光
candles,蜡烛
candy,糖果
canon eos 5d,佳能EOS 5D
canopy,树冠
cap,帽子
capital,柱头
car,汽车
car interior,车内
car parked,停放的汽车
carafe,玻璃水瓶
carcass,残骸
caregiver,照顾者
carpet,地毯
carreaux,瓷砖
cars,汽车
carved altar,雕刻祭坛
carved panel,雕刻镶板
castle grounds,城堡庭院
casual,休闲
casual gathering,休闲聚会
casual style,休闲风格
cat,猫
cathedral,大教堂
cathedral architecture,大教堂建筑
cathedrals beach,大教堂海滩
catholic church,天主教堂
cattle,牛群
cctv,监控摄像头
celebration,庆祝
celebratory art,庆典艺术
celestial,天体
celestial event,天文事件
center,中心
centre-val de loire,中央-卢瓦尔河谷大区
cereal,谷物
chair,椅子
chairs,椅子
chaleur,炎热
chaleureux,温暖
chamber,房间
champs,田野
chapel,小教堂
charcuterie,熟食拼盘
charisma,魅力
charolais,夏洛莱牛
charolais cow,夏洛莱牛
chausey,肖塞群岛
chausey island,肖塞群岛
checkered shirt,格子衬衫
cheek,脸颊
cheese,奶酪
chemin,小路
cherub,小天使
chesse,奶酪
chevelure,秀发
cheveux longs,长发
childhood,童年
children,儿童
chill atmosphere,惬意氛围
chilly,微凉
chimney,烟囱
chimney pots,烟囱帽
chinese chopsticks,中式筷子
chip,薯片
chocolate,巧克力
chopped,切碎
chopsticks,筷子
chouchou,发圈
christ,基督
christ statue,基督雕像
christian,基督教
christmas,圣诞节
christmas gifts,圣诞礼物
christmas lights,圣诞灯饰
christmas shopping,圣诞购物
chrome,镀铬
chromosphere,色球层
church,教堂
church interior,教堂内部
church spire,教堂尖顶
church towers,教堂塔楼
church window,教堂窗户
château de villandry,维朗德里城堡
ciel,天空
ciel nuageux,多云天空
cigarette,香烟
cinema,电影院
cinematic,电影感
circuits,电路
city,城市
city bus,城市公交
city center,市中心
city centre,市中心
city illumination,城市灯光
city life,城市生活
city street,城市街道
cityhall,市政厅
cityscape,城市景观
civic monument,城市纪念碑
class,课堂
classic,经典
classical architecture,古典建筑
classical sculpture,古典雕塑
clay court,红土球场
clean energy,清洁能源
clear,清澈
clear blue sky,晴朗蓝天
clear sky,晴朗天空
clear water,清澈的水
clients,客户
cliff,悬崖
cliff erosion,悬崖侵蚀
cliffs,悬崖
clock,时钟
clock tower,钟楼
clockwork,钟表机械
close focus,近距对焦
close up,特写
close-up,特写
cloud,云
cloud formation,云层
clouds,云朵
cloudy,多云
cloudy skies,多云天空
cloudy sky,多云天空
clover,三叶草
coast,海岸
coastal,沿海
coastal cliff,海岸悬崖
coastal cliffs,海岸悬崖
coastal excursion,海岸游览
coastal landscape,海岸风景
coastal wildlife,海岸野生动物
coastline,海岸线
coat rack,衣帽架
cocktail bar,鸡尾酒吧
cocktail drink,鸡尾酒
coffee,咖啡
coffee art,咖啡拉花
coffee lover,咖啡爱好者
coffee mug,咖啡杯
coffee shop,咖啡店
cognac,干邑
cognac town hall,干邑市政厅
cogwheel,齿轮
coldair,冷空气
collie,柯利牧羊犬
colonnade,柱廊
colonne,柱子
color,颜色
color gradient,渐变色
colorful,多彩
colorful buildings,彩色建筑
colorful flower beds,彩色花坛
colorful glass,彩色玻璃
colorful smoke,彩色烟雾
colors,色彩
column,柱子
columns,柱子
comfort food,治愈系美食
commemoration,纪念
commitment,承诺
communication,沟通
communism,共产主义
communist,共产主义者
commuter train,通勤列车
commuting,通勤
comparison,对比
composition,构图
compost,堆肥
conceptual,概念
concert,演唱会
concrete,混凝土
confectionery,甜品
confectionery art,甜品艺术
confidence,自信
confident,自信
constellations,星座
construction,施工
contemplation,沉思
contemplative,沉思
contemporary,现代
contemporary sculpture,现代雕塑
content,满足
contrast,对比
cool,冷色调
copper cookware,铜制炊具
copper pans,铜锅
cordyline,朱蕉
corinthian columns,科林斯柱
cormorants,鸬鹚
corn,玉米
corn cob,玉米棒
corn field,玉米地
corrugated roof,波纹屋顶
corvid,乌鸦
cosmos,宇宙
cosmos bipinnatus,波斯菊
cosmos flower,波斯菊
coucou,嗨
countryside,乡村
couple,情侣
courage,勇气
courtyard,庭院
covid 19 photo,新冠疫情照片
covid19,新冠疫情
cow,奶牛
cows,奶牛
cozy,舒适
crack,裂缝
crackled,龟裂
crane,起重机
crashing waves,拍岸浪花
crawfish,小龙虾
cream,奶油色
cream roses,奶油色玫瑰
creative art,创意艺术
creative composition,创意构图
creek,小溪
creek bed,溪床
crescent,新月
crescent moon,新月
crescent sun,日牙
crest,山脊
crevice,裂缝
cross,十字架
cross shape,十字形
crowd,人群
crude,粗糙
cultural center,文化中心
cup,杯子
curious,好奇
curly,卷曲
curly hair,卷发
current,水流
curved metal,弯曲金属
cute,可爱
cute animal,可爱动物
cute animals,可爱动物
cute feline,可爱猫咪
cutting board,砧板
cycling,骑行
cyclist,骑行者
daily life,日常生活
dalle,石板
damascus,大马士革
damier,棋盘格
dappled light,斑驳光影
dark,黑暗
dark background,黑色背景
dark forest background,黑暗森林背景
dark green plants,深绿色植物
dark landscape,黑暗风景
dark sky,黑暗天空
dark water,暗色水面
darkened sky,昏暗天空
darkening sky,渐暗天空
darkness,黑暗
dashboard,仪表盘
daylight,日光
daytime,白天
dazzling,耀眼
dazzling sun,耀眼阳光
de luxe,豪华
dead,死亡
deadend,死胡同
december,十二月
decoration,装饰
deep black,深黑色
deep sky,深邃天空
deesse,女神
deformation,变形
degital photo,数码照片
degraded,破旧
delicate,精致
delicate petals,精致花瓣
deluxe,豪华
demonstration,示威游行
desaturated,去饱和
design,设计
desk,书桌
dessert,甜点
dessin,素描
detail,细节
detail shot,细节特写
detailed,精细
detailed shot,细节特写
deux-sevres,德塞夫勒省
development,发展
devotional,虔诚
diagonal lines,斜线
diamond lattice,菱形格纹
diamond shape,菱形
diffused light,柔和光线
digital,数码
dining,用餐
dinner,晚餐
dinner plate,餐盘
dirt path,土路
dirt road,土路
distant mountain,远山
distant peak,远处山峰
distant view,远景
distortion,扭曲
disturbing,令人不安
dive boat,潜水船
dividing,分割
dock,码头
dog,狗
dolmen,支石墓
dome,圆顶
domestic,家用
domestic animal,家畜
dominoes,多米诺骨牌
donostia,圣塞巴斯蒂安
door,门
door frame,门框
dormer windows,老虎窗
dos,背影
doudou,安抚玩偶
doux,柔和
downtown,市中心
downward gaze,低头凝视
dragon,龙
dramatic coastline,壮观海岸线
dramatic light,戏剧性光线
dramatic scenery,壮丽景色
dramatic shadows,强烈阴影
dramatic sky,戏剧性天空
drawing,绘画
dream,梦想
dreamy,梦幻
dried,干燥
dried branches,干枯树枝
dried plant,干枯植物
drinks,饮品
driving,驾驶
drunkenness,醉酒
druye,Druye
dry creek,干涸溪流
dry grass,干草
duck,鸭子
dusk,黄昏
dusk lighting,黄昏光线
dusk sky,黄昏天空
dusk-like light,黄昏般光线
duvet,羽绒被
dwelling,住所
dynamic,动感
découverte,探索
détente,放松
earphone,耳机
earth,地球
earthy tones,大地色调
east,东方
ecclesiastical architecture,教会建筑
ecclesiastical art,宗教艺术
echinops,蓝刺头
eclipse,日食
eclipse 2026,2026日食
ecology,生态
edition,版本
education,教育
effect,效果
effort,努力
eft,蝾螈幼体
eglise notre-dame,圣母教堂
eglise notre-dame de niort,尼奥尔圣母教堂
elderly man,老人
elected official,民选官员
electric wire,电线
electricity,电力
elegance,优雅
elegant,优雅
elevated view,高处视角
emblematic,标志性
emerald,祖母绿
emergency,紧急情况
emotion,情感
empty interior,空荡室内
encounter,邂逅
energy,能量
energy infrastructure,能源设施
engaing,引人入胜
engin de chantier,工程机械
english,英国
engraved ring,刻字戒指
engraving,雕刻
entrance,入口
entryway,入口通道
epee,剑
equine,马
erosion,侵蚀
escalator,扶梯
espoir,希望
ethereal,空灵
eucalyptus,桉树
eucalyptus forest,桉树林
europe,欧洲
european,欧洲
european architecture,欧洲建筑
european bird,欧洲鸟类
european cuisine,欧式美食
european street,欧洲街道
european suburb,欧洲郊区
european travel,欧洲旅行
euskadi,巴斯克地区
evening,傍晚
evening drive,傍晚驾车
evening light,傍晚光线
evening sky,傍晚天空
evergreen shrub,常绿灌木
evergreen tree,常绿树
everyday life,日常生活
everyday objects,日常用品
exception,例外
exchange,交流
exotic,异域风情
experimental photography,实验摄影
exploration,探索
expression,表情
extérieur,户外
exuberant,繁茂
eyewear,眼镜
f1 4,f/1.4
fabric,布料
fabrics,织物
facade,立面
factory,工厂
faith,信仰
fall,秋天
fall leaves,秋叶
fallen leaves,落叶
fallen log,倒木
family bike ride,家庭骑行
familyfriendly,适合家庭
famous landmark,著名地标
fanions,三角旗
fantasy,幻想
farm,农场
farm animal,农场动物
farm animals,农场动物
farm building,农场建筑
farmer,农民
farmer women,女农民
farmhouse,农舍
farming,农业
farmland,农田
farmyard,农家院
feathered animal,鸟类
feathered wings,羽翼
feathers,羽毛
feline,猫科动物
femme,女人
fence,栅栏
ferns,蕨类植物
festival,节日
festive,节日气氛
feuilles,树叶
field,田野
fielet,渔网
fiesta,庆典
figure,人物
film plastique,塑料薄膜
finding,发现
fir,冷杉
fir cone,冷杉球果
fire,火
fire hose,消防水带
fire hydrant,消防栓
fireworks,烟花
first of may,五一劳动节
first plan,前景
fish,鱼
fisheye,鱼眼镜头
fishing boat,渔船
flag,旗帜
flag display,旗帜展示
flags,旗帜
flame,火焰
flare,光晕
flashing light,闪光
flat lay,平铺摄影
fleur,花
fleurs,花朵
fleuve,河流
flight,飞行
flood,洪水
flooded canal,水淹运河
floodlight,泛光灯
flora,植物群
floraison,花期
floral,花卉
floral cluster,花簇
floral pillow,花卉靠枕
floral shirt,花衬衫
flou,模糊
flower,花
flower baskets,花篮
flower bed,花坛
flower bud,花苞
flower cluster,花簇
flower macro,花卉微距
flowering,开花
flowering plant,开花植物
flowering shrub,开花灌木
flowering tree,开花树木
flowerpots,花盆
flowers,花朵
fluffy,蓬松
flysch formation,复理石地层
flysch rock,复理石
flysch rock formation,复理石地层
fog,雾
foggy hillside,雾中山坡
foi,信仰
foliage,叶丛
fond,背景
fond d'écran,壁纸
food,食物
food corner,美食角
football,足球
footbridge,人行桥
foothills,山麓
footpath,小径
forecourt,前院
forest,森林
forest adventure,森林探险
forest background,森林背景
forest floor,林地
forest path,森林小径
fork,叉子
formal garden,规整式花园
fossil,化石
foule,人群
fountain,喷泉
foz,福斯
frame,画框
framed view,框景
francais,法国
france,法国
france nature,法国自然
française,法国
free,自由
freedom,自由
french,法国
french architecture,法国建筑
french countryside,法国乡村
french flag,法国国旗
french heritage,法国遗产
french republic,法兰西共和国
french style,法式风格
french town,法国小镇
fresh,新鲜
fresh cream,鲜奶油
fried food,油炸食品
friends,朋友
frozen,冰冻
fruit,水果
fuel,燃料
fujifilm,富士胶片
full moon,满月
funny animal,搞笑动物
fur,毛皮
fur animal,皮毛动物
futuristic,未来主义
gable dormers,老虎窗
galaxy,银河
galicia,加利西亚
games,游戏
garden,花园
garden ambience,花园氛围
garden bird,花园鸟类
garden chair,花园椅
garden design,花园设计
garden flowers,花园花卉
garden hedge,花园树篱
garden paths,花园小径
garden pergolas,花园凉亭
garden shed,花园棚屋
gardening,园艺
gardens,花园
garlands,花环
garnier,加尼耶
garonne river,加龙河
gas,天然气
gas flare,燃气火炬
gathering,聚会
gaze,凝视
gears,齿轮
gemstone,宝石
geology,地质
geometric,几何
geometric gardens,几何花园
geometric lines,几何线条
geometric pattern,几何图案
geometry,几何
geraniums,天竺葵
gift,礼物
gijon,希洪
gilded,镀金
gipuzkoa,吉普斯夸
gironde,吉伦特省
girondins,吉伦特人
glass,玻璃
glass roof,玻璃屋顶
glass shelving,玻璃架
glass window,玻璃窗
glass windows,玻璃窗
glasses,眼镜
globe thistle,蓝刺头
glow,光辉
glowing light,发光
gnawed,啃咬过的
gold,金色
gold accents,金色点缀
gold foil,金箔
gold rings,金戒指
golden,金色
golden horn,金角湾
golden hour,黄金时刻
golden statue,金色雕像
gorse,荆豆
gothic,哥特式
gothic architecture,哥特式建筑
gradient,渐变
gradient sky,渐变天空
graffiti,涂鸦
graffiti art,涂鸦艺术
grain,颗粒感
grand building,宏伟建筑
grand facade,宏伟立面
grand hall,大厅
grandpa,爷爷
granite rock,花岗岩
granville,格朗维尔
grapes,葡萄
grapevine,葡萄藤
grass,草地
grass blade,草叶
gravel path,碎石小径
gray sky,灰色天空
greatcoat,大衣
green,绿色
green background,绿色背景
green bokeh,绿色虚化
green canopy,绿色树冠
green door,绿色门
green field,绿色田野
green fields,绿色田野
green grapes,青葡萄
green hills,绿色山丘
green leaves,绿叶
green maze,绿色迷宫
green tree,绿树
green water,绿水
greenery,绿植
grey,灰色
grey fabric,灰色布料
grilled meat,烤肉
gritty,粗糙
groove,凹槽
group,群体
group of people,一群人
growth,生长
grunge,做旧风
guano,鸟粪
guirlandes,花环
gully,沟壑
géométrie,几何
habitation,住宅
habitations,住宅
hachette,斧头
hairs,毛发
halles,中央市场
halloween,万圣节
hallway,走廊
haloween,万圣节
hand,手
handsome,帅气
happiness,幸福
happy,开心
harddrink,烈酒
hat,帽子
hatching,孵化
haussmann architecture,奥斯曼建筑
hay,干草
hay bales,干草捆
haze,薄雾
hazy,朦胧
hazy light,朦胧光线
hazy peaks,朦胧山峰
hd,高清
hdr,HDR
head,头部
headsho,头像照
headshot,头像照
hearty meal,丰盛餐食
heat,炎热
heathland,石南荒地
hedge,树篱
hedgehog,刺猬
hedges,树篱
helicopter,直升机
hello,你好
helmet,头盔
helmets,头盔
hen,母鸡
hera,赫拉
heritage,遗产
heritage architecture,遗产建筑
heritage building,历史建筑
heritage landmark,历史地标
heritage site,遗产地
herring gull,银鸥
heure,时间
hibiscus syriacus,木槿
hidden,隐藏
high contrast,高对比度
high key,高调摄影
hiking,徒步
hiking trail,徒步小径
hills,山丘
hillside,山坡
hillside view,山坡景色
hilltop,山顶
historic,历史
historic architecture,历史建筑
historic archway,历史拱门
historic building,历史建筑
historic house,历史房屋
historic interior,历史室内
historic monument,历史古迹
historic site,历史遗址
historic village,历史村庄
historical architecture,历史建筑
historical monument,历史古迹
history,历史
hobby,爱好
holy,神圣
home cooking,家常菜
home interior,家居室内
home library,家庭图书室
home showcase interior,家居展示
homemade,自制
homme de dos,背影男子
honeycomb,蜂巢
hook,挂钩
hooks,挂钩
horizon,地平线
horizon glow,地平线光辉
horloge,时钟
horology,钟表
horse,马
horse portrait,马的肖像
horse sculpture,马雕塑
hortensia,绣球花
horticulture,园艺
hotel de ville,市政厅
hour,小时
house,房子
house sparrow,家麻雀
household,家居
houses,房屋
hue,色调
human,人类
hydrangea,绣球花
i love you,我爱你
iced drink,冰饮
iconic peak,标志性山峰
iconography,图像学
icons,图标
illuminated,灯光照明
illustrative,插画风格
immense,巨大
impact,冲击
impressive,令人印象深刻
indian restaurant,印度餐厅
indiano villa,印第安诺别墅
indoor,室内
industrial,工业
industrial landscape,工业景观
industry,工业
infrared,红外
infrared photography,红外摄影
ink,墨水
inner peace,内心平静
inscription,铭文
insurance,保险
intense,强烈
intentional camera movement,刻意运镜
interior,室内
interior design,室内设计
internet,互联网
intervention,干预
intimate,私密
invitation,请柬
invitation card,请柬
invitation suite,请柬套装
iphone,iPhone
iron,铁
iron railing,铁栏杆
irun,伊伦
island,岛屿
isolated,孤立
isolation,孤独
ivy,常春藤
jacket,夹克
japan,日本
jaune,黄色
je t'aime,我爱你
jersey,球衣
jesus,耶稣
jeux,游戏
jewel,珠宝
jewellery,珠宝
jewelry,珠宝
journal,日记
journey,旅程
joy,喜悦
kids toy,儿童玩具
kitchen,厨房
kitchen garden,菜园
knife,刀
knitwear,针织服装
la grave dome,格拉夫圆顶
la rotonde,圆亭
laboral ciudad de la cultura,拉沃拉尔文化城
laboral tower,拉沃拉尔塔
lake,湖泊
lamp,灯
lamp post,路灯柱
lamppost,路灯柱
landmamrk,地标
landmark,地标
landscape,风景
landscape design,景观设计
lantern,灯笼
lanterne,灯笼
larten,灯笼
lauburu,巴斯克十字
laughing,大笑
laurel wreath,月桂花环
laval,拉瓦尔
layering,层次
le loup,狼
le mont-saint-michel,圣米歇尔山
leaf,叶子
leaf litter,落叶层
leafy,多叶
leather,皮革
leaves,树叶
lecture,阅读
leger,轻盈
leica,徕卡
leisure,休闲
lens flare,镜头光晕
lettering,字体设计
liberty statue,自由女神像
library,图书馆
lichen,地衣
life,生活
life and death,生死
lifestyle,生活方式
light,光线
light burst,光爆
light colors,浅色
light effect,光效
light effects,光效
light green background,浅绿色背景
light painting,光绘
light pollution,光污染
light trail,光轨
light trails,光轨
lighthouse,灯塔
lightleak,漏光
lignes,线条
linen,亚麻
lines,线条
lines and curves,线条与曲线
liqueur,利口酒
literature,文学
livestock,家畜
livre,书
local festival,地方节日
loire valley,卢瓦尔河谷
long exposure,长曝光
looking around,环顾四周
lot,洛特省
lounge,休息室
louvre,卢浮宫
love,爱
love note,情书
lovely pose,可爱的姿势
low angle,低角度
low angle view,低角度视角
low light,弱光
luck,幸运
lugo,卢戈
lumiere,光
luminaires,灯具
luminary,发光体
luminous,发光的
lunar astronomy,月球天文
lunch,午餐
lunettes,眼镜
lush,郁郁葱葱
lush greenery,茂盛绿植
lush vegetation,茂密植被
m31,仙女座星系
machine,机器
macro,微距
macro detail,微距细节
macro photo,微距照片
macro photography,微距摄影
magenta,洋红色
magic,魔法
magical,神奇的
magpie,喜鹊
mairie,市政厅
majestic,壮丽
make pizza,做披萨
male,男性
mall,商场
mallard,绿头鸭
man,男人
mane,鬃毛
manicured,修剪整齐的
mankind,人类
mannequin,人体模特
manor house,庄园
mansard roof,孟莎屋顶
mansion,豪宅
manual settings,手动设置
manufacturing,制造业
marine birds,海鸟
maritime,海事
market,市场
marriage,婚姻
marsh,沼泽
massive,巨大的
mayenne,马耶讷省
meadow,草甸
meal,一餐
meat,肉
meat dish,肉类菜肴
medieval architecture,中世纪建筑
medieval quarter,中世纪街区
meditation,冥想
megalith,巨石
memorial,纪念碑
memorial candles,纪念蜡烛
memorial statue,纪念雕像
memory card,存储卡
men,男人们
messe,弥撒
metal,金属
metaphor,隐喻
metro,地铁
metropolitan,大都市
midday light,正午阳光
militant,激进分子
milky way,银河
mimosa tree,银合欢树
mindfulness,正念
minimalism,极简主义
minimalist,极简
minimalist architecture,极简建筑
minimalist background,极简背景
mirror,镜子
mist,薄雾
misty,雾蒙蒙
misty hills,雾中山丘
modern,现代
modern architecture,现代建筑
modern art,现代艺术
modern building,现代建筑
modern rooftop,现代屋顶
moderne,现代
mollusque,软体动物
monastery style,修道院风格
money,金钱
monochrome,单色
montage,蒙太奇
monument,纪念碑
monument aux girondins,吉伦特党人纪念碑
monumental,宏伟的
moody,忧郁
moody atmosphere,忧郁氛围
moody landscape,忧郁风景
moody sky,阴郁天空
moon,月亮
moon phase,月相
moonlight,月光
moonrise,月出
mophead hydrangea,绣球花
moraine,冰碛
morning,早晨
morning sky,晨空
moss,苔藓
mossy roof,长满苔藓的屋顶
mossy stones,长满苔藓的石头
mother,母亲
motherhood,母性
motion,运动
motion blur,动态模糊
motivating,激励人心的
motivation,动力
motorcade,车队
mountain,山
mountain forest,山林
mountain peak,山峰
mountain ridge,山脊
mountain side,山坡
mountain village,山村
mountains,群山
mousse,苔藓
mouvement,运动
movilization,动员
moyemont,莫耶蒙
mozarella,马苏里拉奶酪
mozzarella,马苏里拉奶酪
mud,泥
muddy,泥泞
mug,马克杯
multi colour background,多彩背景
multicolored,多彩的
mur,墙
musee,博物馆
music,音乐
musical instrument,乐器
mustache,胡子
muted colors,柔和色调
mysterious,神秘
mystery,谜团
mystical,神秘的
nacelle,吊舱
nancy,南锡
narrow street,狭窄街道
national day,国庆节
nativity scene,耶稣诞生场景
natural,自然的
natural arch,天然拱
natural beauty,自然美景
natural light,自然光
natural monument,自然纪念地
natural pattern,自然图案
natural texture,自然纹理
nature,自然
nature background,自然背景
nature detail,自然细节
nature trail,自然步道
naturecolors,自然色彩
naturel,自然的
naturelle,自然的
necklace,项链
negative space,负空间
neon,霓虹
newspaper,报纸
night,夜晚
night landscape,夜景
night photography,夜间摄影
night scene,夜景
night sky,夜空
nightscape,夜景
nikon,尼康
niort,尼奥尔
niort cathedral,尼奥尔大教堂
noise,噪点
normandie,诺曼底
north face,北坡
nosedive,俯冲
nostalgia,怀旧
notebook,笔记本
nouvelle-aquitaine,新阿基坦大区
novels,小说
nuages,云
nuances,细微差别
nursery decor,婴儿房装饰
oak leaves,橡树叶
obradoiro facade,奥布拉多伊罗立面
observing,观察
ocean,海洋
ocean spray,海浪飞沫
ocean view,海景
ocean waves,海浪
oculus,牛眼窗
official building,官方建筑
oil industry,石油工业
old building,老建筑
old buildings,老建筑
old factory,老工厂
old houses,老房子
old ruin,废墟
old town,老城
olive branch,橄榄枝
olivetree,橄榄树
ominious,不祥的
on the go,忙碌中
on the move,在路上
opalite,乳白石
open water,开阔水域
opened,打开的
opinel,欧皮纳折叠刀
opportunity,机会
orange,橙色
orange glow,橙色光辉
orange horizon,橙色地平线
orange light,橙光
orange sky,橙色天空
organ,管风琴
organic,有机的
organnic,有机的
original,原创
ornamental,装饰性的
ornamental garden,观赏花园
ornamental plant,观赏植物
ornate,华丽的
ornate building,华丽建筑
ornate door,华丽的门
ornate sculpture,华丽雕塑
ornithology,鸟类学
ossau valley,奥索谷
out of focus,失焦
outdoor,户外
outdoor dining,户外用餐
outdoor garden,户外花园
outdoor leisure,户外休闲
outdoor portrait,户外人像
outdoor pursuit,户外活动
outdoors,户外
outside,户外
overcast,阴天
overcast sky,阴天天空
overexposed,过曝
overexposed background,过曝背景
overgrown,杂草丛生
overgrown path,杂草丛生的小路
overhead view,俯视图
overview,概览
oyster,牡蛎
paddock,围场
painting,绘画
paix,和平
pale green,淡绿色
palette,调色板
palmtree,棕榈树
panorama,全景
panoramic,全景的
paper,纸
paper craft,纸艺
paris,巴黎
park,公园
park bench,公园长椅
parked cars,停放的汽车
parking,停车场
parking sign,停车标志
parlor games,客厅游戏
parque eolico,风电场
parterre,花坛
parti-colored,杂色的
partial eclipse,偏食
party,派对
party mood,派对氛围
passage,通道
passengers,乘客
passers-by,路人
pasta bowl,意面碗
pastel,粉彩
pastel color,粉彩色
pastel colors,粉彩色
pastel sky,粉彩天空
pastel tones,粉彩色调
pasture,牧场
path,小路
patina,铜绿
patrimoine,遗产
patriotic,爱国的
pattern,图案
pau,波城
peace,和平
peaceful,宁静
peacock feathers,孔雀羽毛
peak,山峰
pebbles,卵石
pedestrian,行人
pedestrian passage,人行通道
pedestrian path,人行道
pedestrian street,步行街
pedestrians,行人
peeling paint,剥落的油漆
pelota,回力球
pendant,吊坠
pensive,沉思
people,人物
perched,栖息
perennial,多年生植物
pergola,藤架
perspective,透视
pet,宠物
petal,花瓣
petals,花瓣
petunia,矮牵牛
petunias,矮牵牛
phenomenon,现象
phlox,福禄考
phone,手机
phone box,电话亭
phone on bed,床上的手机
photographer,摄影师
photographics,摄影图像
photography,摄影
piano,钢琴
piano keys,琴键
pic du midi d'ossau,奥索峰
picket,栅栏
picnic area,野餐区
picturesque,如画的
pigeon,鸽子
pilgrim church,朝圣教堂
pilgrim destination,朝圣目的地
pilgrimage,朝圣
pilgrimage route,朝圣之路
pilgrimage sign,朝圣路标
pilgrims,朝圣者
pincone,松果
pine tree,松树
pine trees,松树
pink,粉色
pink background,粉色背景
pink blossoms,粉色花朵
pink clouds,粉色云彩
pink facade,粉色外墙
pink flower,粉色花朵
pink flowers,粉色花朵
pink roses,粉色玫瑰
pinnacle,尖顶
pizza,披萨
plant,植物
plant detail,植物细节
plant lover,植物爱好者
plant macro,植物微距
planta,植物
plantes grimpantes,攀缘植物
plants,植物
plastic,塑料
plate,盘子
plateresque,银匠式风格
playback,回放
playful,顽皮的
playfully,嬉戏地
plaza,广场
plaza del obradoiro,奥布拉多伊罗广场
plumage,羽毛
plush toy,毛绒玩具
poesie,诗歌
poetic,诗意的
poetry,诗歌
poilu,一战法国士兵
point of light,光点
poitiers,普瓦捷
politics,政治
pollarded trees,截干树
pollen,花粉
pomme,苹果
pont saint-pierre,圣皮埃尔桥
pooky,萌宠
pop,流行
porcelain,瓷器
pork chop,猪排
port,港口
portal,门户
portrait,肖像
portrait photography,肖像摄影
portraiture,肖像艺术
positive,积极的
postcard,明信片
potager,菜园
poultry,家禽
power lines,电线
power pole,电线杆
powerful light,强光
poétique,诗意的
prehistoric,史前的
presentation,演示
pride,骄傲
priere,祈祷
printer,打印机
printing house,印刷厂
production,生产
profile,侧影
profile view,侧面视图
promenade,海滨步道
propeller,螺旋桨
propeller blades,螺旋桨叶片
protest sign,抗议标语
protester,抗议者
protestors,抗议者
prêtre,神父
public art,公共艺术
public garden,公共花园
public square,公共广场
public transport,公共交通
pumpkin,南瓜
pup,小狗
pupil,瞳孔
purple,紫色
purple flowers,紫色花朵
purple gem,紫色宝石
purple sky,紫色天空
pyramid,金字塔
pyrenees,比利牛斯山
pyrenees atlantiques,比利牛斯-大西洋省
pyrotechnics,烟火
quiet,安静
quiet street,安静的街道
rabbit,兔子
railing,栏杆
railway platform,站台
railway station,火车站
rain,雨
rain jacket,雨衣
rain water,雨水
rainbow,彩虹
rainbow background,彩虹背景
rake,耙子
ramp,坡道
rare event,罕见事件
ray of light,光线
ray of sunshine,阳光
rays of light,光芒
reading,阅读
reading nook,阅读角
reading room,阅览室
rear view,后视
rebel,反叛者
rectangles,矩形
red,红色
red and white facade,红白外墙
red bricks,红砖
red flag,红旗
red flare,红色闪光
red flowers,红花
red light,红光
red lights,红灯
red roses,红玫瑰
red sky,红色天空
red tile roof,红瓦屋顶
red tile roofs,红瓦屋顶
red window frames,红色窗框
refinery,炼油厂
reflection,倒影
reflexion,倒影
relationship,关系
relaxation,放松
relaxed,放松的
relaxed mood,放松氛围
relief,浮雕
religion,宗教
religious architecture,宗教建筑
religious art,宗教艺术
religious belief,宗教信仰
religious landmark,宗教地标
religious painting,宗教画
religious sculpture,宗教雕塑
religious statue,宗教雕像
remains,遗迹
remembrance,纪念
renewable energy,可再生能源
repeating pattern,重复图案
repetition,重复
repetitive pattern,重复图案
republic,共和国
rer b,RER B线
reredos,祭坛屏
residential,住宅
residential architecture,住宅建筑
resin,树脂
resource,资源
rest,休息
restaurant,餐厅
retaining wall,挡土墙
revolution,革命
ribadeo,里瓦德奥
ribbon bow,蝴蝶结
right-turn sign,右转标志
rigid inflatable boat,刚性充气艇
rind,树皮
ring,戒指
ring dish,戒指盘
ring light,环形灯
ripening fruit,成熟的水果
rising sun,旭日
river,河流
river bank,河岸
river bridge,河桥
riverbank,河岸
riverside,河边
rivets,铆钉
road,道路
road sign,路标
road trip,公路旅行
roadside,路边
roadworks,道路施工
robe,长袍
roche,岩石
rock,岩石
rock arch,岩拱
rock formation,岩石地貌
rock layers,岩层
rock ledge,岩架
rock strata,岩层
rocks,岩石
rocky,多岩石的
rocky coastline,多岩石海岸
rocky outcrop,岩石露头
rocky path,石径
rocky peaks,岩石山峰
rocky shore,多岩石海岸
romance,浪漫
romanesque,罗马式
romanesque revival,罗马式复兴建筑
romantic,浪漫的
roofing,屋顶
roofline,屋顶轮廓
rooftop,屋顶
rooftops,屋顶
root,根
roots,根
rose,玫瑰
rose blossom,玫瑰花
rose bush,玫瑰丛
rose gold rings,玫瑰金戒指
rose of sharon,木槿
rose window,玫瑰花窗
roses,玫瑰
rowboat,划艇
rower,划船者
rowing boat,划艇
royal,皇家
ruby,红宝石
ruffled petals,褶皱花瓣
rugged coastline,崎岖海岸
rugged terrain,崎岖地形
ruin,废墟
ruins,废墟
runners,跑步者
running,跑步
rural,乡村
rural fence,乡村栅栏
rural galicia,加利西亚乡村
rural landscape,乡村风景
rural night,乡村夜景
rural road,乡间小路
rust,铁锈
rustic,乡村风
rustic kitchen,乡村厨房
rustic table,乡村桌子
rusty metal,生锈金属
sac,包
sacred art,宗教艺术
sacred heart,圣心
sad,悲伤
sadness,悲伤
safety vest,安全背心
saint,圣徒
saint malo,圣马洛
saint-maurice cathedral,圣莫里斯大教堂
saint-planchers,圣普朗谢
salamander,蝾螈
salt,盐
san malo,圣马洛
san sebastian,圣塞巴斯蒂安
sanctuary,圣所
sanctuary lamp,长明灯
sandstone buildings,砂岩建筑
santa claus,圣诞老人
santiago de compostela,圣地亚哥-德孔波斯特拉
santiago de compostela cathedral,圣地亚哥-德孔波斯特拉大教堂
satellite dish,卫星天线
saucisson,香肠
sauerkraut,酸菜
savory,咸味
scaffolding,脚手架
scenic,风景如画
scenic trail,风景步道
scenic view,美景
schoolbus,校车
science,科学
sconces,壁灯
scrollwork,卷草纹饰
scrubland,灌木丛
scrunchie,发圈
sculpture,雕塑
sculpture art,雕塑艺术
sculpture detail,雕塑细节
sculpture group,雕塑群
sea,大海
sea cliff,海崖
sea cliffs,海崖
sea gorge,海边峡谷
seabirds,海鸟
seagull,海鸥
seascape,海景
season,季节
seawall,海堤
secluded,僻静
security camera,监控摄像头
sedimentary rock,沉积岩
selfie,自拍
separation,分离
sepia tone,棕褐色调
serene,宁静
serenity,宁静
serie,系列
serveur,服务员
several,几个
shade,阴影
shade tree,遮荫树
shaded,阴凉
shades,阴影
shadow,影子
shadows,影子
shallow depth of field,浅景深
sharp knife,锋利的刀
shed,棚屋
shimmering,闪烁
shooting star,流星
shop window,橱窗
shoppers,购物者
shops,商店
shore,海岸
short hair,短发
shrub,灌木
shutters,百叶窗
side dish,配菜
sidewalk,人行道
signpost,路标
silhouette,剪影
silk tree,合欢树
silver car,银色汽车
simple,简约
single,单个
sitting on a bench,坐在长椅上
sky,天空
sky cloud,天空云彩
sky gap,天空缝隙
sky phenomenon,天空奇观
sky photography,天空摄影
skyglow,天空光晕
skylight,天窗
skyline,天际线
skyscraper,摩天大楼
skywatching,观星
slabs,石板
slate roof,板岩屋顶
sleep,睡眠
sloping street,陡坡街道
sluice,水闸
smartphone,智能手机
smiling,微笑
smoke,烟
smoked,烟熏
smokestack,烟囱
smoking,吸烟
sneakers,运动鞋
snowglobe,雪花玻璃球
sober,素雅
social,社交
socializing,社交
soft colors,柔和色彩
soft focus,柔焦
soft focus background,柔焦背景
soft light,柔光
soft lighting,柔和灯光
solar corona,日冕
solar eclipse,日食
solar prominence,日珥
sole,孤独
solemn,庄严
solitary,孤独
solitary walker,独行者
solitude,孤独
sommeil,睡眠
soothing,舒缓
south,南方
southwestern france,法国西南部
souvenir,纪念品
space,太空
spaghetti,意大利面
spain,西班牙
spain travel,西班牙旅行
sparrow,麻雀
spectators,观众
spiky flower,尖刺花
spiky foliage,尖叶植物
spire,尖顶
spire roof,尖顶屋顶
spires,尖塔
spiritual,灵性
sport,运动
sports field,运动场
spray paint,喷漆
spring,春天
spring bloom,春日花开
spring vibe,春天氛围
squeezed,挤压
stacked rocks,叠石
stage,舞台
staged,摆拍
stained glass,彩色玻璃
stained glass windows,彩色玻璃窗
stainless steel,不锈钢
staircase,楼梯
staircases,楼梯
stairs,台阶
stamens,花蕊
standing stones,立石
star,星星
starfield,星空
stargazing,观星
starry,繁星
starry sky,星空
stars,星星
station,车站
stationery,文具
statue,雕像
statue of liberty,自由女神像
statues,雕像
steam,蒸汽
steel,钢铁
steering wheel,方向盘
stem,茎
steps,台阶
stick,棍子
still life,静物
stone,石头
stone alcove,石壁龛
stone arch,石拱门
stone archway,石拱门
stone balustrade,石栏杆
stone bench,石凳
stone building,石头建筑
stone carving,石雕
stone columns,石柱
stone doorway,石门
stone facade,石头外墙
stone houses,石屋
stone monument,石碑
stone pedestal,石基座
stone steps,石阶
stone surface,石头表面
stone texture,石头纹理
stone wall,石墙
stone walls,石墙
stones,石头
store,商店
storefronts,店面
stormy clouds,风暴云
strange,奇怪
straw,稻草
straw hat,草帽
stream,溪流
street,街道
street art,街头艺术
street lamp,路灯
street lamps,路灯
street party,街头派对
street photography,街头摄影
street scene,街景
street trees,行道树
street view,街景
streetscape,街景
stripes,条纹
stubble,胡茬
student,学生
stuffed animal,毛绒玩具
stump,树桩
stunt,特技
style haussmannien,奥斯曼风格
stylish,时尚
stylized,风格化
subdued colors,柔和色调
suburb,郊区
suburban housing,郊区住宅
sugar,糖
sugar bowl,糖罐
suit,西装
summer,夏天
summer bloom,夏日花开
summer day,夏日
summer festival,夏日节庆
summer flowers,夏日花朵
summer forest,夏日森林
summer garden,夏日花园
summer harvest,夏季丰收
summer holiday,暑假
summer night,夏夜
summer vibes,夏日氛围
summery,夏日风情
summit,山顶
sun,太阳
sun and moon,日月
sun down,日落
sun flare,阳光耀斑
sun glare,阳光眩光
sunburst,阳光四射
sunglasses,太阳镜
sunlight,阳光
sunny,晴天
sunny afternoon,晴朗午后
sunny day,晴天
sunrise,日出
sunset,日落
sunset colors,日落色彩
sunset sky,日落天空
sunstar,太阳星芒
supplies,用品
surprising,惊讶
surrender,投降
surveillance,监控
sushi,寿司
suspension cables,悬索
sustainability,可持续性
sycle,镰刀
symbol,象征
symbolic,象征性
symes,西姆斯
symmetry,对称
syrup,糖浆
tabernacle,圣体龛
table,桌子
table setting,餐桌布置
tablecloth,桌布
tablesooon,汤匙
tail feathers,尾羽
tamron,腾龙
tart,水果挞
tasty,美味
tattoo,纹身
telefoto,长焦
telephoto,长焦
temps,天气
terasse,露台
terrace,露台
terraced houses,排屋
terraced walls,梯田墙
text art,文字艺术
textile,纺织品
texture,纹理
textures,纹理
theme,主题
thin crescent,蛾眉月
thoughtful,若有所思
thoughtful expression,若有所思的表情
thoughtful gaze,若有所思的目光
thread,线
three,三
thrush,鸫鸟
tight,紧凑
tile patterns,瓷砖图案
tiles,瓷砖
together,一起
top view,俯视图
topiary,造型植物
total solar eclipse,日全食
totality,全食
toulouse,图卢兹
tour,塔
tour eiffel,埃菲尔铁塔
tour montparnasse,蒙帕纳斯大厦
tourism,旅游
tourist,游客
tourist attraction,旅游景点
tourists,游客
tousled hair,凌乱头发
tower,塔
town,小镇
town center,市中心
town hall,市政厅
townscape,城镇景观
toy photography,玩具摄影
trade,贸易
tradition,传统
traditional,传统
traditional church,传统教堂
traffic,交通
traffic light,红绿灯
trail marker,步道标记
train,火车
traits,特征
tranquil,宁静
transformer,变压器
transit,交通
transparency,透明
transport,交通运输
transport en commun,公共交通
transportation,交通运输
trash,垃圾
travel,旅行
tree,树
tree bark,树皮
tree branch,树枝
tree branches,树枝
tree in blossom,开花的树
tree silhouette,树影
tree trunk,树干
tree-lined path,林荫小路
tree-lined promenade,林荫大道
trees,树木
treetops,树梢
tribute,致敬
tricolor,三色
tricolour,三色旗
tropical,热带
troubled,忧虑
trunk,树干
truss bridge,桁架桥
tunnel,隧道
tunnel view,隧道景观
tureen,汤盅
turquoise water,蓝绿色海水
turret,塔楼
tv antenna,电视天线
twilight,黄昏
twilight sky,黄昏天空
two,两个
two horses,两匹马
two-tone,双色
umbrella,雨伞
undergrowth,灌木丛
unesco world heritage site,联合国教科文组织世界遗产
unicorn,独角兽
union,联盟
unique,独特
university laboral,希洪劳动大学城
urbain,城市
urban,城市
urban architecture,城市建筑
urban art,城市艺术
urban detail,城市细节
urban landscape,城市景观
urban life,城市生活
urban night,城市夜景
urban park,城市公园
urban planning,城市规划
urban rhythm,城市节奏
urban scene,城市场景
urban skyline,城市天际线
urban wildlife,城市野生动物
urbanismo,城市规划
user friendly,用户友好
vacance,假期
vacation,假期
valley,山谷
vandalism,破坏行为
variegated leaves,斑叶
vaulted ceiling,拱形天花板
vegetable,蔬菜
vegetale,植物
vegetation,植被
vegitable,蔬菜
vehicle,车辆
verdant,郁郁葱葱
vertical,垂直
vertical composition,竖构图
vertical view,垂直视角
vertigo,眩晕
vibrant,鲜艳
vibrant colors,鲜艳色彩
victory statue,胜利女神像
vigil,守夜
villa,别墅
village,村庄
village street,村庄街道
villandry,维朗德里
villandry gardens,维朗德里城堡花园
ville,城市
ville rose,玫瑰之城
vine,藤蔓
vines,藤蔓
vineyard,葡萄园
vintage,复古
vintage lamp,复古灯
vintage rose,复古玫瑰
vintage vibe,复古氛围
violet,紫罗兰
visitor,游客
visitors,游客
visual metaphor,视觉隐喻
vitesse,速度
viticulture,葡萄种植
vitraux,彩色玻璃窗
vivid,鲜艳
vivid color,鲜艳色彩
vivid colors,鲜艳色彩
voltage,电压
vosges,孚日山脉
vosgienne,孚日奶牛
votive candle,许愿蜡烛
votive candles,许愿蜡烛
votive lamp,长明灯
voyage,旅行
wake,航迹
walking,散步
walking away,离去背影
walking pilgrims,朝圣者
walking trail,徒步小径
walkway,步道
wall,墙
wallpaper,壁纸
walls,墙壁
wanderlust,旅行癖
war memorial,战争纪念碑
wardrobe,衣柜
warm,温暖
warm colors,暖色调
warm glow,暖光
warm light,暖光
warm tone,暖色调
warm tones,暖色调
waste,垃圾
waste management,垃圾管理
watch chain,表链
water,水
water bottle,水瓶
water lily,睡莲
water spray,水花
water tower,水塔
watercraft,水上交通工具
watering can,洒水壶
waterway,水道
wave splash,浪花
waves,海浪
way of st james,圣地亚哥朝圣之路
waymark,路标
wayside,路边
weather,天气
weather gear,防雨装备
weathered,风化
weathered cliffs,风化悬崖
weathered door,风化的门
weathered rock,风化岩石
weathered stone,风化石头
weathervane,风向标
web,蜘蛛网
wedding bands,婚戒
wedding day,婚礼当天
wedding details,婚礼细节
wedding invitation,婚礼请柬
wedding planning,婚礼策划
wedding rings,婚戒
wedding stationery,婚礼文具
weeping willow,垂柳
wheat,小麦
whimsical,奇幻
white,白色
white and blue,白蓝相间
white chocolate,白巧克力
white floor,白色地板
white flowers,白花
white house,白色房子
white rose,白玫瑰
white roses,白玫瑰
white shirt,白衬衫
white sky,白色天空
white wings,白色翅膀
whitestone,白石
wicker,藤编
wide angle,广角
wide view,广角视野
wild,野生
wild flora,野生植物
wild grass,野草
wild plant,野生植物
wilderness,荒野
wildflower,野花
wildflowers,野花
wildlife,野生动物
wildlife photography,野生动物摄影
wilted,枯萎
wind farm,风电场
wind generator,风力发电机
wind power,风能
wind turbine,风力涡轮机
wind turbines,风力涡轮机
window,窗户
windows,窗户
windshield view,挡风玻璃视角
windswept hair,被风吹乱的头发
wine,葡萄酒
wine bottle,酒瓶
winged figure,带翼雕像
wink,眨眼
wire fence,铁丝网
wire mesh,金属网
woman,女人
wood,木头
wood grain,木纹
wooden,木制
wooden door,木门
wooden fence,木栅栏
wooden peg,木钉
wooden railing,木栏杆
wooden shelf,木架
wooden table,木桌
woodland,林地
work,工作
worker,工人
world war one,第一次世界大战
wrestling,摔跤
wrinkled sheets,褶皱床单
wrist,手腕
wristwatch,手表
wrought iron,锻铁
wrought iron railing,锻铁栏杆
wwi soldier,一战士兵
yellow,黄色
yellow background,黄色背景
yellow flower,黄花
yellow flowers,黄花
yellow lichen,黄色地衣
yellow raincoat,黄色雨衣
yellow roses,黄玫瑰
yellow stamen,黄色花蕊
young,年轻
young adults,年轻人
young man,年轻男子
young people,年轻人
zen,禅意
zoo,动物园
zoom,变焦
éclairage,灯光
éclairage naturel,自然光
écrasant,压迫感
été,夏天
