anglais,francais
19th century,xixe siècle
4k,4k
4k background,arrière-plan 4k
Bas-Relief,bas-relief
Centre-Val de Loire,centre-val de loire
Eglise Notre-Dame,église notre-dame
Eglise Notre-Dame De Niort,église notre-dame de niort
Le Mont-Saint-Michel,le mont-saint-michel
Passers-By,passants
abandoned,abandonné
abandoned building,bâtiment abandonné
abbey,abbaye
abstract,abstrait
abstract art,art abstrait
acier,acier
action,action
active lifestyle,vie active
activity,activité
adorable,adorable
adorable pet,animal de compagnie adorable
adult,adulte
adventure,aventure
aerial view,vue aérienne
after rain,après la pluie
afterparty,after
agriculture,agriculture
aid,aide
alarm clock,réveil
alcohol,alcool
amethyst,améthyste
anarchy,anarchie
anatomy,anatomie
ancient,ancien
ancient house,maison ancienne
ancient sculpture,sculpture ancienne
angel,ange
anger,colère
angers,angers
angle of photography,angle de prise de vue
angora,angora
angoulême,angoulême
animal,animal
animal curiosity,curiosité animale
animal lover,amoureux des animaux
animals,animaux
anomaly,anomalie
antenna,antenne
aperitif,apéritif
apple,pomme
aqua,aqua
aquatic,aquatique
aqueduct,aqueduc
arbre,arbre
arc de triomphe,arc de triomphe
arc en ciel,arc-en-ciel
arch,arche
archaelogy,archéologie
archaeology,archéologie
arches,arches
architectural,architectural
architecture,architecture
archs,arches
argentique,argentique
arrière plan,arrière-plan
arrows,flèches
art,art
artefact lumineux,artefact lumineux
artifact,artefact
artifacts,artefacts
artistic,artistique
artistic angle,angle artistique
artwork,œuvre d'art
asia,asie
asian restaurant,restaurant asiatique
assertive,assuré
astrography,astrographie
astrology,astrologie
astronomical,astronomique
astronomical art,art astronomique
astronomy,astronomie
astrophysics,astrophysique
at home,à la maison
atmosphere,atmosphère
attentive,attentif
authentic,authentique
author,auteur
autumn,automne
autumn atmosphe,atmosphère d'automne
autumn colours,couleurs d'automne
autumnal,automnal
aventurine,aventurine
azura,azur
baby blue,bleu bébé
baby dog,chiot
back,dos
backgound,arrière-plan
backgroud,arrière-plan
background,arrière-plan
background bokeh,bokeh d'arrière-plan
backlit,contre-jour
backpack,sac à dos
bacon,bacon
bain,bain
balcony,balcon
balustrade,balustrade
bank,berge
bar,bar
barbed,barbelé
barbed wire,fil barbelé
barque,barque
barrier,barrière
barriers,barrières
basilica,basilique
basque,basque
basque country,pays basque
bathing,baignade
batiment,bâtiment
beach,plage
beachside,bord de plage
beard,barbe
beaute,beauté
beautiful flower,belle fleur
beautiful girl,jolie fille
beautiful landscape,beau paysage
beautiful presentation,belle présentation
beautiful sky,beau ciel
beautiful sunset,beau coucher de soleil
beautiful wallpaper,beau fond d'écran
beauty,beauté
beauty in nature,beauté de la nature
beauty nature,beauté naturelle
beauty of nature,beauté de la nature
beer,bière
beige,beige
bell,cloche
bell tower,clocher
belle époque,belle époque
bench,banc
beret,béret
beverage,boisson
bezel,lunette
billy goat,bouc
bird,oiseau
birds,oiseaux
black,noir
black and white,noir et blanc
black and white animal,animal en noir et blanc
black and white art,art en noir et blanc
black and white background,arrière-plan noir et blanc
black and white cat,chat noir et blanc
black cat,chat noir
blackboard,tableau noir
blade,lame
blanc,blanc
blanche,blanche
blazing fire,feu ardent
blonde,blonde
bloom,floraison
blossom,fleur
blue,bleu
blue background,arrière-plan bleu
blue eyes,yeux bleus
blue sky,ciel bleu
blurred,flou
blurred background,arrière-plan flou
blurred lights,lumières floues
board,planche
boardwalk,promenade en planches
boat,bateau
bois,bois
bokeh,bokeh
bonjour,bonjour
book,livre
book mark,marque-page
bordeaux,bordeaux
border collie,border collie
botanic,botanique
bottle,bouteille
boulder,rocher
bouquet,bouquet
bourgogne-franche-comte,bourgogne-franche-comté
bovine,bovin
bracelet,bracelet
branch,branche
branches,branches
bread,pain
break room,salle de pause
breakfast,petit-déjeuner
breakfest,petit-déjeuner
breaking,rupture
breakwater,brise-lames
breccia,brèche
bretagne,bretagne
brick,brique
brick building,bâtiment en briques
bridge,pont
bridge railing,garde-corps de pont
briefcase,mallette
bright colors,couleurs vives
bright light,lumière vive
bright sky,ciel lumineux
brightsun,soleil éclatant
bristles,poils
broken,cassé
broken white,blanc cassé
brook,ruisseau
brouter,brouter
brown,marron
brown color,couleur marron
brown eyes,yeux marron
brunette,brune
buche,bûche
bud,bourgeon
budding,en bourgeon
buffalo mozzarella,mozzarella di bufala
building,bâtiment
buildings,bâtiments
bulwark,rempart
bus stop,arrêt de bus
buses,bus
bush,buisson
busking,musique de rue
busy street,rue animée
butter,beurre
buzy,animé
cafe terrace,terrasse de café
café,café
cairn,cairn
calculation sheet,feuille de calcul
calf,veau
calm,calme
calming vibes,ambiance apaisante
canal,canal
candles,bougies
candy,bonbon
canon eos 5d,canon eos 5d
cap,casquette
capital,capitale
car,voiture
car parked,voiture garée
carcass,carcasse
caregiver,aidant
carpet,tapis
carreaux,carreaux
cars,voitures
casual,décontracté
cat,chat
cathedral,cathédrale
cathedral architecture,architecture de cathédrale
cattle,bétail
celebratory art,art festif
celestial,céleste
center,centre
cereal,céréales
chair,chaise
chairs,chaises
chaleur,chaleur
chaleureux,chaleureux
chamber,chambre
champs,champs
chapel,chapelle
charcuterie,charcuterie
charisma,charisme
charolais,charolais
charolais cow,vache charolaise
chausey,chausey
chausey island,île de chausey
checkered shirt,chemise à carreaux
cheek,joue
cheese,fromage
chemin,chemin
chesse,fromage
chevelure,chevelure
cheveux longs,cheveux longs
chill atmosphere,ambiance détendue
chilly,frisquet
chinese chopsticks,baguettes chinoises
chip,chips
chocolate,chocolat
chopped,haché
chopsticks,baguettes
chouchou,chouchou
christ,christ
christian,chrétien
christmas,noël
christmas gifts,cadeaux de noël
christmas lights,illuminations de noël
christmas shopping,achats de noël
church,église
church spire,flèche d'église
château de villandry,château de villandry
ciel,ciel
ciel nuageux,ciel nuageux
cigarette,cigarette
cinema,cinéma
cinematic,cinématographique
circuits,circuits
city,ville
city centre,centre-ville
city illumination,illumination de la ville
cityhall,hôtel de ville
cityscape,paysage urbain
class,classe
classic,classique
clay court,court en terre battue
clear,clair
clear blue sky,ciel bleu clair
clear sky,ciel dégagé
clear water,eau claire
clients,clients
clock,horloge
clock tower,tour de l'horloge
clockwork,mécanisme d'horlogerie
close-up,gros plan
cloud,nuage
cloud formation,formation de nuages
clouds,nuages
cloudy,nuageux
cloudy skies,ciels nuageux
cloudy sky,ciel nuageux
clover,trèfle
coast,côte
coastal,côtier
cocktail bar,bar à cocktails
cocktail drink,cocktail
coffee,café
coffee art,art du café
coffee lover,amateur de café
coffee mug,tasse à café
coffee shop,café
cognac,cognac
cognac town hall,mairie de cognac
cogwheel,roue dentée
coldair,air froid
collie,colley
colonne,colonne
color,couleur
color gradient,dégradé de couleurs
colorful,coloré
colors,couleurs
column,colonne
columns,colonnes
commitment,engagement
communication,communication
communism,communisme
communist,communiste
commuter train,train de banlieue
commuting,trajet domicile-travail
comparison,comparaison
composition,composition
compost,compost
concert,concert
concrete,béton
confectionery,confiserie
confectionery art,art de la confiserie
confidence,confiance
confident,confiant
construction,construction
contemplation,contemplation
contemplative,contemplatif
content,satisfait
contrast,contraste
cool,frais
corn,maïs
corn cob,épi de maïs
corn field,champ de maïs
cosmos,cosmos
coucou,coucou
countryside,campagne
couple,couple
courage,courage
covid 19 photo,photo covid-19
covid19,covid-19
cow,vache
cows,vaches
cozy,douillet
crack,fissure
crackled,craquelé
crawfish,écrevisse
cream,crème
crescent,croissant
crescent moon,croissant de lune
crest,crête
crevice,fente
cross,croix
crowd,foule
crude,brut
cup,tasse
curious,curieux
curly,bouclé
curly hair,cheveux bouclés
current,courant
cute,mignon
cute animal,animal mignon
cute animals,animaux mignons
cute feline,félin mignon
cutting board,planche à découper
cyclist,cycliste
dalle,dalle
damascus,damas
damier,damier
dark,sombre
dark forest background,arrière-plan de forêt sombre
dark green plants,plantes vert foncé
dark water,eau sombre
daylight,lumière du jour
daytime,journée
dazzling,éblouissant
dazzling sun,soleil éblouissant
de luxe,de luxe
dead,mort
deadend,impasse
december,décembre
decoration,décoration
deesse,déesse
deformation,déformation
degital photo,photo numérique
degraded,dégradé
delicate,délicat
deluxe,luxueux
demonstration,manifestation
desaturated,désaturé
design,design
desk,bureau
dessert,dessert
dessin,dessin
detail,détail
detailed,détaillé
detailed shot,plan détaillé
development,développement
diffused light,lumière diffuse
digital,numérique
dirt road,chemin de terre
distortion,distorsion
disturbing,dérangeant
dividing,séparation
dock,quai
dog,chien
domestic,domestique
domestic animal,animal domestique
dominoes,dominos
door,porte
door frame,encadrement de porte
dos,dos
doudou,doudou
doux,doux
dragon,dragon
drawing,dessin
dream,rêve
dreamy,rêveur
dried,séché
drunkenness,ivresse
druye,druye
duck,canard
duvet,duvet
dwelling,habitation
dynamic,dynamique
découverte,découverte
détente,détente
earphone,écouteur
earth,terre
east,est
ecology,écologie
edition,édition
effect,effet
effort,effort
eft,triton
elected official,élu
electric wire,fil électrique
electricity,électricité
elegance,élégance
elegant,élégant
emblematic,emblématique
emerald,émeraude
emergency,urgence
emotion,émotion
encounter,rencontre
engaing,captivant
engin de chantier,engin de chantier
english,anglais
engraving,gravure
entrance,entrée
epee,épée
escalator,escalator
espoir,espoir
europe,europe
european,européen
evening,soir
exception,exception
exchange,échange
exotic,exotique
exploration,exploration
expression,expression
extérieur,extérieur
exuberant,exubérant
eyewear,lunettes
f1 4,f/1.4
fabric,tissu
fabrics,tissus
facade,façade
faith,foi
fall,automne
fall leaves,feuilles d'automne
familyfriendly,familial
famous landmark,monument célèbre
fanions,fanions
farm,ferme
farm animals,animaux de ferme
farmer,fermier
farmer women,fermières
feathered animal,animal à plumes
feathered wings,ailes emplumées
feline,félin
femme,femme
festive,festif
feuilles,feuilles
field,champ
fielet,filet
figure,figure
film plastique,film plastique
finding,découverte
fir,sapin
fir cone,pomme de pin
fire,feu
fire hose,lance à incendie
first of may,premier mai
first plan,premier plan
fish,poisson
fisheye,fisheye
flag,drapeau
flags,drapeaux
flare,halo
flashing light,lumière clignotante
fleur,fleur
fleurs,fleurs
fleuve,fleuve
flight,vol
flood,inondation
flooded canal,canal inondé
floodlight,projecteur
floraison,floraison
flou,flou
flower,fleur
flowering,floraison
flowering tree,arbre en fleurs
flowerpots,pots de fleurs
flowers,fleurs
fluffy,duveteux
foi,foi
foliage,feuillage
fond,fond
fond d'écran,fond d'écran
food,nourriture
food corner,coin repas
football,football
forecourt,parvis
forest,forêt
forest adventure,aventure en forêt
forest background,arrière-plan forestier
fork,fourchette
fossil,fossile
foule,foule
fountain,fontaine
frame,cadre
francais,français
france,france
française,française
free,libre
freedom,liberté
french,français
french architecture,architecture française
french flag,drapeau français
french republic,république française
french style,style français
fresh cream,crème fraîche
fried food,friture
friends,amis
frozen,gelé
fuel,carburant
fujifilm,fujifilm
funny animal,animal drôle
fur,fourrure
fur animal,animal à fourrure
galaxy,galaxie
galicia,galice
games,jeux
garden,jardin
garden ambience,ambiance de jardin
garden chair,chaise de jardin
garden flowers,fleurs de jardin
garden shed,abri de jardin
gardens,jardins
garlands,guirlandes
garnier,garnier
gas,gaz
gathering,rassemblement
gaze,regard
gears,engrenages
geometric gardens,jardins géométriques
geometric lines,lignes géométriques
geometry,géométrie
gift,cadeau
gipuzkoa,gipuzkoa
girondins,girondins
glass,verre
glass window,vitre
glass windows,vitres
glasses,lunettes
glowing light,lueur
gnawed,rongé
gold,or
gold accents,touches dorées
golden,doré
golden hour,heure dorée
golden statue,statue dorée
gothic,gothique
gothic architecture,architecture gothique
gradient,dégradé
graffiti,graffiti
graffiti art,art du graffiti
grain,grain
grandpa,grand-père
granville,granville
grass,herbe
gray sky,ciel gris
green,vert
green background,fond vert
green tree,arbre vert
green water,eau verte
greenery,verdure
grey,gris
groove,rainure
group,groupe
growth,croissance
guirlandes,guirlandes
géométrie,géométrie
habitation,habitation
habitations,habitations
hachette,hachette
hairs,poils
halles,halles
halloween,halloween
haloween,halloween
handsome,beau
happiness,bonheur
happy,heureux
harddrink,alcool fort
hat,chapeau
hatching,éclosion
haussmann architecture,architecture haussmannienne
hay,foin
hay bales,bottes de foin
haze,brume
hd,hd
hdr,hdr
head,tête
headsho,portrait
heat,chaleur
hedge,haie
hedgehog,hérisson
helicopter,hélicoptère
hello,bonjour
helmet,casque
hen,poule
hera,héra
heritage,patrimoine
herring gull,goéland argenté
heure,heure
hidden,caché
hills,collines
historic,historique
historic archway,arche historique
historic building,bâtiment historique
historic site,site historique
historical architecture,architecture historique
historical monument,monument historique
holy,sacré
home showcase interior,intérieur d'exception
homme de dos,homme de dos
honeycomb,nid d'abeilles
hook,crochet
horloge,horloge
horology,horlogerie
horse,cheval
horticulture,horticulture
hotel de ville,hôtel de ville
hour,heure
house,maison
house sparrow,moineau domestique
household,foyer
houses,maisons
hue,teinte
human,humain
iced drink,boisson glacée
iconography,iconographie
icons,icônes
illustrative,illustratif
immense,immense
impact,impact
impressive,impressionnant
indian restaurant,restaurant indien
infrared,infrarouge
infrared photography,photographie infrarouge
ink,encre
inner peace,paix intérieure
insurance,assurance
intense,intense
internet,internet
intervention,intervention
invitation,invitation
iphone,iphone
iron,fer
irun,irun
island,île
isolated,isolé
isolation,isolement
ivy,lierre
jacket,veste
japan,japon
jaune,jaune
jersey,jersey
jesus,jésus
jeux,jeux
jewel,bijou
jewellery,bijoux
jewelry,bijoux
journal,journal
journey,voyage
joy,joie
kitchen,cuisine
kitchen garden,potager
knife,couteau
knitwear,tricot
la rotonde,la rotonde
lake,lac
lamp,lampe
lamp post,lampadaire
lamppost,lampadaire
landmamrk,monument
landmark,monument
landscape,paysage
lantern,lanterne
lanterne,lanterne
larten,lanterne
laughing,riant
laval,laval
layering,superposition
le loup,le loup
leaf,feuille
leather,cuir
leaves,feuilles
lecture,lecture
leger,léger
leica,leica
leisure,loisir
lens flare,reflet d'objectif
lettering,lettrage
library,bibliothèque
lichen,lichen
life,vie
life and death,vie et mort
lifestyle,style de vie
light,lumière
light colors,couleurs claires
light effect,effet de lumière
light effects,effets de lumière
light green background,fond vert clair
light trail,traînée lumineuse
lighthouse,phare
lightleak,fuite de lumière
lignes,lignes
lines,lignes
lines and curves,lignes et courbes
liqueur,liqueur
livre,livre
long exposure,longue exposition
looking around,regard curieux
lot,lot
lounge,salon
louvre,louvre
love,amour
lovely pose,jolie pose
luck,chance
lumiere,lumière
luminaires,luminaires
luminary,luminaire
lunar astronomy,astronomie lunaire
lunch,déjeuner
lunettes,lunettes
lush,luxuriant
lush vegetation,végétation luxuriante
machine,machine
macro,macro
macro detail,détail macro
macro photo,photo macro
magic,magie
majestic,majestueux
make pizza,préparer une pizza
male,mâle
mall,centre commercial
mallard,colvert
man,homme
manicured,bien entretenu
mankind,humanité
mannequin,mannequin
mansion,manoir
manual settings,réglages manuels
maritime,maritime
market,marché
marsh,marais
massive,massif
mayenne,mayenne
meadow,prairie
meal,repas
meat,viande
medieval architecture,architecture médiévale
memory card,carte mémoire
men,hommes
messe,messe
metal,métal
metaphor,métaphore
metro,métro
metropolitan,métropolitain
militant,militant
milky way,voie lactée
minimalism,minimalisme
minimalist,minimaliste
minimalist architecture,architecture minimaliste
minimalist background,fond minimaliste
mirror,miroir
mist,brume
modern,moderne
modern art,art moderne
moderne,moderne
mollusque,mollusque
money,argent
monochrome,monochrome
montage,montage
monument,monument
monument aux girondins,monument aux girondins
moody,mélancolique
moody sky,ciel dramatique
moon,lune
moonlight,clair de lune
morning sky,ciel du matin
moss,mousse
mother,mère
motherhood,maternité
motion,mouvement
motivating,motivant
motivation,motivation
motorcade,cortège
mountain,montagne
mountain ridge,crête montagneuse
mountain side,flanc de montagne
mountain village,village de montagne
mousse,mousse
mouvement,mouvement
movilization,mobilisation
moyemont,moyemont
mozarella,mozzarella
mozzarella,mozzarella
muddy,boueux
mug,mug
multi colour background,fond multicolore
multicolored,multicolore
mur,mur
musee,musée
music,musique
musical instrument,instrument de musique
mustache,moustache
mystical,mystique
nacelle,nacelle
nancy,nancy
nativity scene,crèche de noël
natural,naturel
natural beauty,beauté naturelle
natural monument,monument naturel
nature,nature
nature background,fond naturel
naturecolors,couleurs naturelles
naturel,naturel
naturelle,naturelle
necklace,collier
newspaper,journal
night,nuit
night photography,photographie de nuit
night sky,ciel nocturne
nikon,nikon
niort,niort
niort cathedral,cathédrale de niort
noise,bruit
normandie,normandie
nosedive,piqué
nostalgia,nostalgie
notebook,carnet
nouvelle-aquitaine,nouvelle-aquitaine
nuages,nuages
nuances,nuances
ocean,océan
ocean waves,vagues océaniques
old buildings,bâtiments anciens
old factory,ancienne usine
old ruin,ruine ancienne
old town,vieille ville
olivetree,olivier
ominious,menaçant
on the go,en déplacement
on the move,en mouvement
opalite,opalite
opened,ouvert
opinel,opinel
opportunity,opportunité
orange,orange
orange sky,ciel orange
organ,orgue
organic,organique
organnic,organique
original,original
ornithology,ornithologie
outdoor,extérieur
outdoor pursuit,activité de plein air
outdoors,extérieur
outside,dehors
overgrown,envahi par la végétation
overview,vue d'ensemble
oyster,huître
painting,peinture
paix,paix
palette,palette
palmtree,palmier
paper,papier
paper craft,artisanat papier
paris,paris
park,parc
parking,parking
parlor games,jeux de société
parterre,parterre
parti-colored,multicolore
party,fête
party mood,ambiance de fête
passage,passage
pasta bowl,bol de pâtes
pastel,pastel
pastel color,couleur pastel
path,chemin
patrimoine,patrimoine
pattern,motif
peace,paix
peaceful,paisible
peacock feathers,plumes de paon
pebbles,galets
pedestrian passage,passage piéton
peeling paint,peinture écaillée
pelota,pelote basque
pendant,pendentif
perched,perché
pet,animal de compagnie
petal,pétale
petals,pétales
phone,téléphone
phone box,cabine téléphonique
photographer,photographe
photographics,photographique
photography,photographie
piano,piano
piano keys,touches de piano
picket,piquet
picnic area,aire de pique-nique
picturesque,pittoresque
pigeon,pigeon
pincone,pomme de pin
pink,rose
pink background,fond rose
pink clouds,nuages roses
pizza,pizza
plant,plante
plant lover,amoureux des plantes
plant macro,macro de plante
planta,plante
plantes grimpantes,plantes grimpantes
plants,plantes
plastic,plastique
plate,assiette
plateresque,plateresque
playback,playback
playfully,ludique
plumage,plumage
poesie,poésie
poetic,poétique
poetry,poésie
poitiers,poitiers
politics,politique
pollen,pollen
pomme,pomme
pooky,pooky
pop,pop
port,port
portal,portail
portrait,portrait
portrait photography,photographie de portrait
portraiture,art du portrait
positive,positif
postcard,carte postale
poultry,volaille
power pole,poteau électrique
powerful light,lumière puissante
poétique,poétique
presentation,présentation
pride,fierté
priere,prière
printer,imprimante
printing house,imprimerie
production,production
profile,profil
promenade,promenade
propeller,hélice
protest sign,pancarte de manifestation
protester,manifestant
protestors,manifestants
prêtre,prêtre
pumpkin,citrouille
pup,chiot
pupil,pupille
purple,violet
pyramid,pyramide
pyrenees atlantiques,pyrénées-atlantiques
quiet,calme
rabbit,lapin
railway platform,quai de gare
railway station,gare
rain,pluie
rain water,eau de pluie
rainbow,arc-en-ciel
rainbow background,fond arc-en-ciel
rake,râteau
ramp,rampe
ray of light,rayon de lumière
ray of sunshine,rayon de soleil
rebel,rebelle
rectangles,rectangles
red,rouge
red bricks,briques rouges
red flag,drapeau rouge
red light,lumière rouge
red lights,lumières rouges
red tile roof,toit de tuiles rouges
reflection,reflet
reflexion,réflexion
relationship,relation
relaxation,détente
relaxed,détendu
relief,relief
religion,religion
religious art,art religieux
religious belief,croyance religieuse
remains,vestiges
repeating pattern,motif répétitif
repetition,répétition
repetitive pattern,motif répétitif
republic,république
rer b,rer b
resin,résine
resource,ressource
rest,repos
restaurant,restaurant
revolution,révolution
ribbon bow,nœud de ruban
right-turn sign,panneau tournez à droite
rind,écorce
ring,bague
ring light,ring light
rising sun,soleil levant
river,rivière
river bank,berge de rivière
riverbank,berge de rivière
riverside,bord de rivière
rivets,rivets
road,route
roadworks,travaux routiers
robe,robe
roche,roche
rock,rocher
rock formation,formation rocheuse
rocks,rochers
rocky,rocheux
rocky coastline,côte rocheuse
rocky shore,rivage rocheux
romanesque,roman
romanesque revival,néo-roman
romantic,romantique
roofing,toiture
rooftop,toit
root,racine
roots,racines
rose,rose
rowboat,barque
rower,rameur
rowing boat,barque à rames
royal,royal
ruby,rubis
ruin,ruine
ruins,ruines
runners,coureurs
running,course à pied
rural,rural
rust,rouille
rustic,rustique
sac,sac
sad,triste
sadness,tristesse
saint malo,saint-malo
saint-maurice cathedral,cathédrale saint-maurice
saint-planchers,saint-planchers
salamander,salamandre
salt,sel
san malo,saint-malo
santa claus,père noël
saucisson,saucisson
scenic,panoramique
scenic view,vue panoramique
schoolbus,bus scolaire
sconces,appliques murales
scrunchie,chouchou
sculpture,sculpture
sculpture art,art de la sculpture
sea,mer
seagull,mouette
season,saison
seawall,digue
secluded,isolé
selfie,selfie
separation,séparation
sepia tone,ton sépia
serene,serein
serie,série
serveur,serveur
several,plusieurs
shades,nuances
shadow,ombre
shadows,ombres
sharp knife,couteau aiguisé
shimmering,chatoyant
shooting star,étoile filante
shop window,vitrine
shore,rivage
short hair,cheveux courts
shutters,volets
silhouette,silhouette
silver car,voiture argentée
simple,simple
single,seul
sitting on a bench,assis sur un banc
sky,ciel
sky cloud,ciel nuageux
skyline,horizon urbain
skyscraper,gratte-ciel
slabs,dalles
sleep,sommeil
sluice,écluse
smartphone,smartphone
smiling,souriant
smoked,fumé
smoking,fumer
snowglobe,boule à neige
sober,sobre
social,social
sole,seul
solitary,solitaire
solitude,solitude
sommeil,sommeil
soothing,apaisant
south,sud
souvenir,souvenir
space,espace
spaghetti,spaghetti
spain,espagne
sparrow,moineau
spires,flèches
sport,sport
spring,printemps
spring vibe,ambiance printanière
squeezed,serré
stacked rocks,pierres empilées
stage,scène
staged,mis en scène
stained glass,vitrail
stained glass windows,vitraux
staircases,escaliers
stairs,escaliers
starry,étoilé
stars,étoiles
station,station
stationery,papeterie
statue,statue
statue of liberty,statue de la liberté
steel,acier
steps,marches
stick,bâton
still life,nature morte
stone,pierre
stone balustrade,balustrade en pierre
stone building,bâtiment en pierre
stone steps,marches en pierre
stone wall,mur en pierre
stones,pierres
store,magasin
strange,étrange
straw,paille
street,rue
street view,vue de rue
student,étudiant
stuffed animal,peluche
stump,souche
stunt,cascade
style haussmannien,style haussmannien
stylish,élégant
stylized,stylisé
subdued colors,couleurs douces
sugar,sucre
sugar bowl,sucrier
suit,costume
summer,été
summer vibes,ambiance estivale
summery,estival
sun,soleil
sun down,coucher de soleil
sun glare,éblouissement du soleil
sunlight,lumière du soleil
sunny,ensoleillé
sunny afternoon,après-midi ensoleillé
sunrise,lever de soleil
sunset,coucher de soleil
sunset sky,ciel de coucher de soleil
supplies,fournitures
surprising,surprenant
surrender,reddition
sushi,sushi
suspension cables,câbles de suspension
sycle,cycle
symbol,symbole
symbolic,symbolique
symes,symes
symmetry,symétrie
syrup,sirop
table,table
tablecloth,nappe
tablesooon,cuillère à soupe
tamron,tamron
tart,tarte
telefoto,téléobjectif
temps,temps
terasse,terrasse
terrace,terrasse
texture,texture
textures,textures
theme,thème
thoughtful,pensif
thread,fil
three,trois
thrush,grive
tight,serré
tile patterns,motifs de carreaux
tiles,carreaux
together,ensemble
topiary,art topiaire
tour,tour
tour eiffel,tour eiffel
tour montparnasse,tour montparnasse
tourism,tourisme
tourist,touriste
tower,tour
town,ville
town hall,mairie
trade,commerce
tradition,tradition
traditional,traditionnel
traditional church,église traditionnelle
train,train
traits,traits
tranquil,tranquille
transformer,transformateur
transparency,transparence
transport,transport
transport en commun,transport en commun
transportation,transport
trash,déchets
travel,voyage
tree,arbre
tree in blossom,arbre en fleurs
trees,arbres
tricolor,tricolore
tricolour,tricolore
tropical,tropical
troubled,troublé
trunk,tronc
tunnel,tunnel
tunnel view,vue du tunnel
twilight,crépuscule
twilight sky,ciel crépusculaire
two,deux
umbrella,parapluie
union,union
unique,unique
urbain,urbain
urban,urbain
urban landscape,paysage urbain
urban life,vie urbaine
urban planning,urbanisme
urbanismo,urbanisme
user friendly,facile d'utilisation
vacance,vacances
vacation,vacances
vegetable,légume
vegetale,végétal
vegetation,végétation
vegitable,légume
vehicle,véhicule
verdant,verdoyant
vertigo,vertige
vibrant,vibrant
village,village
villandry,villandry
villandry gardens,jardins de villandry
ville,ville
vine,vigne
vintage,vintage
vintage lamp,lampe vintage
vintage vibe,ambiance vintage
violet,violet
visual metaphor,métaphore visuelle
vitesse,vitesse
vitraux,vitraux
vivid,vif
voltage,tension
vosges,vosges
vosgienne,vosgienne
voyage,voyage
walking away,s'éloigner
wall,mur
wallpaper,papier peint
walls,murs
wanderlust,envie de voyager
warm,chaud
warm colors,couleurs chaudes
warm tone,ton chaud
waste,déchets
waste management,gestion des déchets
watch chain,chaîne de montre
water,eau
water lily,nénuphar
water tower,château d'eau
watering can,arrosoir
waterway,voie navigable
waves,vagues
wayside,bord de route
weather,météo
weather gear,équipement météo
weathered,patiné
web,toile d'araignée
wedding rings,alliances
weeping willow,saule pleureur
wheat,blé
white,blanc
white and blue,blanc et bleu
white chocolate,chocolat blanc
white house,maison blanche
white shirt,chemise blanche
white sky,ciel blanc
white wings,ailes blanches
whitestone,pierre blanche
wicker,osier
wide angle,grand angle
wild,sauvage
wildflowers,fleurs sauvages
wildlife,faune
wilted,fané
wind generator,éolienne
window,fenêtre
windows,fenêtres
wine,vin
wink,clin d'œil
wire mesh,grillage
woman,femme
wood,bois
wooden,en bois
wooden door,porte en bois
wooden railing,rambarde en bois
woodland,forêt
work,travail
worker,travailleur
wrestling,lutte
wrist,poignet
wristwatch,montre-bracelet
wrought iron,fer forgé
yellow,jaune
yellow background,fond jaune
yellow flower,fleur jaune
young,jeune
young people,jeunes
zoo,zoo
zoom,zoom
éclairage,éclairage
éclairage naturel,éclairage naturel
écrasant,écrasant
été,été
