photo,titre_zh,mots_cles_zh
11294895,读报人像，法兰西文学,"肖像, 古代, 多云天空, 报纸, 回放, 挤压"
11323389,翻阅日记，遐想色雷斯,"天空, 多云天空, 阅读, 日记"
11496894,雪花玻璃球，圣诞暖意,"光效, 在家, 圣诞老人, 雪花玻璃球"
11496895,纸艺之花，巧手绽放,"花, 纸艺"
11497005,沉重消息，法兰西文学,"男人, 报纸"
11497006,翻开报纸，发现新知,"男人, 报纸"
11497007,头绪繁多，报纸中沉思,"男人, 报纸"
11497008,报纸下的小憩，法兰西文学,"男人, 报纸"
11497009,获取资讯，法兰西文学,"男人, 报纸"
11497010,读报时刻，法兰西文学,"男人, 报纸, 回放"
11876963,疫情下的站台，黑白记忆,"黑白, 车站, 新冠疫情照片, 新冠疫情, 站台"
11891040,水边鸭群，悠然自在,鸭子
11897639,公园一角，绿头鸭悠游,"公园, 鸭子, 绿头鸭"
11897642,劳工会所，古老建筑,"老建筑, 联盟"
11906092,市中心日落，光影成双,"市中心, 日落"
11932587,市政厅倒影，别样视角,"法国, 市政厅"
11938837,钢琴键上，音符游戏,"休息室, 乐器, 钢琴, 琴键"
11946983,车站天空，阳光旅愁,"户外, 天空, 美丽天空, 汽车, 阳光, 车站, 旅行癖"
11961131,黄昏花开，粉色绚烂,"花, 粉色, 美丽的花, 开花的树, 植物爱好者"
11968793,凋零花毯，梦幻余韵,"户外, 花朵, 粉色背景, 枯萎"
11968816,两道栅栏间，田野女子,"屏障, 自然, 女人, 田野, 金属网"
11978981,阴郁教堂，枯枝相伴,"树, 教堂, 树枝"
11991308,玻璃罩下，嫩芽初生,"花园, 栅栏, 紧凑, 花园棚屋"
11999253,田野牧马，悠然吃草,"田野, 马, 吃草"
11999254,老树盘根，田野旧迹,"树, 田野, 绿色背景"
11999255,洒水壶，静物一角,"紧凑, 洒水壶"
12063477,教堂静立，淡蓝天空,"教堂, 淡蓝色"
12073837,石板街巷，天空相映,"树, 地标, 美丽天空, 市中心, 交流"
12073840,木桥通幽，绿意盎然,"树木, 桥, 杂草丛生, 浅绿色背景, 木栏杆"
12073895,建筑曲线，晴空光影,"建筑, 光效, 晴朗蓝天"
12076680,英伦电话亭，街头一景,"示威游行, 英国, 电话亭"
12076681,昂古莱姆古建筑，蓝天映衬,"法国, 蓝天, 立面, 历史建筑, 昂古莱姆, 鲜艳, 优雅, 建筑, 户外, 欧洲, 遗产, 风景"
12084338,夏日河畔，绿意清凉,"树, 植被, 绿色背景, 河边"
12092035,昂古莱姆郊野，古桥遗迹,"植被, 废墟, 桥栏杆"
12092047,河畔白宅，象牙城堡,"美丽天空, 河岸, 豪华, 白色房子"
12100543,漫画之都，古迹遗韵,"废墟, 树, 古代, 道路, 历史建筑"
12112236,昂古莱姆晨雾，如纱笼罩,"美丽天空, 住所, 自然之美, 中心, 自然美景"
12441049,法式咖啡，拉花时光,"咖啡, 法式风格, 咖啡拉花, 咖啡爱好者, 汤匙"
12443176,普瓦捷屋顶，米色人家,"房屋, 米色, 住所, 豪宅"
12453008,猫影匆匆，岁月流逝,"猫, 隐藏, 破碎, 白蓝相间"
12461417,城市之美，惊艳邂逅,"风景, 白色, 植物, 植被, 城市, 杂草丛生, 墙, 美丽女孩"
12473274,橱窗黑猫，希望剪影,"动物, 猫, 黑色, 猫科动物, 黑猫, 皮毛动物, 家居展示, 橱窗"
12473320,城市花束，教堂映衬,"花朵, 教堂, 植被, 城市, 粉色"
12484797,绿意环绕，古迹地标,"自然, 建筑, 绿色, 地标, 教堂, 大教堂, 著名地标, 历史古迹, 灰色天空"
12484812,街头涂鸦，鸭趣台阶,"街道, 鸭子, 台阶, 涂鸦, 街头表演, 涂鸦艺术"
12496931,空旷天际，城市灰白,"天空, 城市, 白色天空, 灰色天空"
12516756,普瓦捷雕像，金色艺术,"雕塑, 树, 绿树, 艺术, 雕像, 金色雕像"
12581745,石墙傲立，直插云霄,"石头, 天空, 路灯柱, 灰色, 历史建筑"
12581896,城市绿植，蔓延生长,"自然, 绿色, 户外, 植物, 植被, 生活, 城市, 深绿色植物, 广角"
12956180,共和之夜，霞光余韵,"红色, 影子, 派对, 黑色, 夜晚, 美丽日落, 黄昏天空, 派对余兴, 云层"
12976374,南锡大教堂，信仰古迹,"南锡, 建筑, 教堂, 信仰, 宗教, 基督教, 历史古迹, 大教堂"
12976396,林间小径，幽深探秘,"树, 对比, 森林, 绿树, 绿色背景, 小路, 森林探险, 森林背景, 黑暗森林背景"
12985910,奶牛奔跑，乡野竞速,"户外, 动物, 运动, 动作, 奶牛, 渔网, 跑步, 牛, 牛群, 在路上"
12998724,耀眼立面，逆光市中心,"立面, 逆光, 光效, 市中心, 阳光, 阳光眩光, 环形灯"
13009455,孚日山脉，云雾缭绕,"自然, 多云天空, 渔网, 森林背景, 山脊, 山坡"
13009520,孚日山村，白云山脊,"村庄, 山脊, 山坡, 白色天空"
13009542,梦境黄昏，粉色云霞,"日落天空, 黄昏天空, 粉色云彩"
13020345,钟楼日落，静谧天空,"建筑, 教堂, 钟楼, 淡蓝色, 日落"
13020351,金色田野，自由天地,"田野, 美丽天空, 黄色背景"
13034675,湛蓝天空，云影悠悠,"蓝色, 云, 美丽天空, 淡蓝色, 蓝色背景, 天空云彩"
13034692,克桑吕湖畔，林水相映,"树, 水, 湖泊, 美丽风景, 森林背景"
13041926,山间湖泊，波光潋滟,"自然, 多云天空, 山, 湖泊, 山坡, 树桩"
13041935,隆热梅小教堂，信仰之光,"小教堂, 教堂, 云, 美丽天空, 信仰, 明亮天空, 宗教艺术, 宗教信仰"
13058086,鱼眼苍穹，天空之顶,"美丽天空, 多云天空, 淡蓝色, 蓝色背景, 鱼眼镜头"
13058109,河岸苔石，幽暗水面,"自然, 河岸, 苔藓, 巨石, 卵石, 暗色水面"
13058158,克桑吕湖光，明信片风景,"多云天空, 森林, 山, 湖泊, 山脊, 明信片, 划船者"
13065295,六树擎天，林梢竞秀,"自然, 树木, 旅游, 树叶, 绿树, 浅绿色背景, 异常"
13065309,废弃老厂，自然侵蚀,"自然, 多云天空, 森林, 柱子, 山, 老工厂"
13066927,路旁古树，见证岁月,"树, 蓝天, 美丽天空, 多云天空, 树篱, 屏障"
13070707,繁花簇簇，粉色绽放,"花朵, 粉色, 绿色背景, 开花树木, 花园花卉"
13078020,孚日山村，如画云天,"法国, 村庄, 美丽天空, 多云天空, 山, 山村"
13078049,林荫大道，云卷天边,"树木, 云朵, 道路, 路边"
13087407,云卷云舒，天空和谐,"云, 美丽天空, 多云天空"
13087478,莫耶蒙夏日，林荫土路,"夏天, 土路, 莫耶蒙, 自然, 法国, 户外, 风景, 乡村, 欧洲, 森林, 影子"
13087566,花影朦胧，唯美虚化,"焦外虚化, 花"
13087576,黑桃花影，朦胧虚化,"焦外虚化, 花"
13102229,梦幻天际，渐变色彩,"天际线, 美丽天空, 多彩, 渐变色, 梦想"
13102252,黄昏新月，渐变天空,"天空, 新月, 渐变, 黄昏, 宁静, 自然, 蓝色, 黄色, 橙色, 极简, 天文学, 氛围"
13102289,风车日出，晨光万丈,"太阳, 文物, 阳光, 阳光眩光, 风力发电机, 明亮阳光, 旭日, 日出"
13117640,玉米地里，浅绿田野,"田野, 玉米棒, 玉米地, 浅绿色背景, 玉米"
13117680,母牛护犊，温情时刻,"自然, 动物, 奶牛, 渔网, 小牛, 母亲, 母性"
13125670,山村旧影，黑白岁月,"自然, 黑白, 村庄, 古代, 森林, 山, 山村"
13125683,铁丝网影，黑白剪影,"黑白, 草地, 影子, 剪影, 带刺, 铁丝网"
13125778,山村路旁，老树盘根,"树, 道路, 树篱, 山村"
13142731,夏日麦浪，阳光微风,"树, 植物, 太阳, 小麦, 谷物, 闪光"
13142734,林间光影，山路蜿蜒,"树, 对比, 森林, 影子, 道路, 山"
13142737,电线新月，夜色微光,"夜晚, 发光体, 月亮, 新月, 电线"
13153084,绯红山谷，阳光洒落,"自然, 树, 风景, 云, 太阳, 美丽天空, 多云天空, 光效, 耀眼阳光, 壁灯"
13153085,金色麦穗，阳光温暖,"太阳, 小麦, 谷物"
13153086,孚日草甸，阳光牛影,"太阳, 光轨, 奶牛, 草甸, 孚日山脉, 孚日奶牛"
13164935,金色花瓣，草地阳光,"花, 黄色, 草地"
13164936,云隙寻光，天空剪影,"云朵, 太阳, 美丽天空, 多云天空"
13178331,林间剧场，光影自然,"自然, 树, 植被, 漏光, 生态, 自然之美"
13178332,藤蔓小径，自然之美,"自然, 树, 植被, 太阳, 漏光, 生态, 小路, 自然之美"
13197999,海滩树荫，悠然假日,"云, 美丽天空, 海滩, 沐浴, 海边"
13204344,河畔鸭影，悠然戏水,"水, 植被, 动物, 河流, 可爱动物, 鸭子"
13216448,黑白河桥，上游静谧,"黑白, 河流, 桥, 西姆斯"
13216464,刺猬肖像，萌趣自然,"自然, 肖像, 动物, 生态, 动物爱好者, 刺猬"
13228683,海滩石堆，假日时光,"石堆, 石头, 大海, 假期, 海滩"
13234891,隧道尽头，光影交错,"石头, 对比, 漏光, 黑暗, 施工, 隧道, 隧道景观"
13243860,卵石成列，水流光影,"石头, 水, 对比, 运动, 水流, 粉彩色, 卵石"
13243887,圣马洛古城，海港风光,"法国, 建筑, 对比, 旅游, 大海, 布列塔尼, 圣马洛, 港口"
13255679,河畔老宅，鸟栖静谧,"法国, 植被, 房子, 河流, 鸟, 水流, 运河, 鸟类学, 常春藤, 古宅, 银鸥"
13263103,新月屋檐，夜色静谧,"夜晚, 天文学, 月亮, 屋顶, 天线, 新月, 耙子"
13263155,拉瓦尔引水渠，黑白河景,"拉瓦尔, 黑白, 河流, 桥, 引水渠, 晴天"
13292415,拉瓦尔梦境，飞鸟掠过,"漏光, 鸟类, 粉彩, 飞行, 拉瓦尔"
13292485,圣马洛海风，蓝天碧海,"法国, 蓝色, 云, 城市, 大海, 布列塔尼, 海事, 圣马洛, 防波堤"
13296675,枯树根，岁月痕迹,"自然, 树, 对比, 死亡, 树桩, 树皮"
13296781,金色麦田，干草卷,"黄色, 农业, 田野, 乡村, 农场, 原创, 干草, 干草捆"
13313100,动物园问候，萌趣瞬间,"你好, 动物, 可爱动物, 可爱, 动物园"
13322944,教堂管风琴，信仰乐章,"法国, 木头, 信仰, 大教堂, 钢铁, 宗教, 音乐, 乐器, 管风琴"
13358097,阳光树影，十字微光,"自然, 树, 太阳, 十字架, 光线"
13628612,母鸡漫步，田园趣味,"自然, 动物, 轻盈, 头部, 搞笑动物, 母鸡, 家禽"
13628723,黑白猫咪，自在悠游,"自然, 焦外虚化, 黑白, 自由, 可爱动物, 课堂, 家用, 放松"
13651457,探索二人组，自然野趣,"自然, 绿色, 生活, 动物, 探索, 可爱动物, 根, 发现, 两个, 放松"
13651490,雏鸟初探，孤独世界,"自然, 肖像, 鸟, 探索, 发现, 孤独"
13673391,追逐嬉戏，自然野趣,"自然, 绿色, 水, 动物, 跑步, 两个, 游戏, 户外活动, 电压"
13673404,绿头鸭戏水，悠然沐浴,"沐浴, 自然, 绿色, 水, 动物, 可爱动物, 鸭子, 绿头鸭, 几个, 俯冲"
13673408,圣马洛教堂，光影信仰,"建筑, 教堂, 漏光, 信仰, 大教堂, 彩色玻璃窗, 宗教, 布列塔尼, 圣马洛"
13679682,黑白猫咪，下午茶时光,"黑白, 猫, 色调, 糖, 黑白背景, 冰冻, 帅气"
13679728,田园生态，静谧肖像,"自然, 肖像, 房子, 生态"
13679752,孔雀开屏，蓝羽绚丽,"蓝色, 鸟类, 孔雀羽毛, 骄傲, 壮丽"
16093235,黑白猫咪，静谧肖像,"肖像, 猫, 肖像摄影, 黑白猫"
16101436,抗争不息，青年游行,"法国, 旗帜, 示威游行, 共产主义者, 户外, 年轻人, 民选官员, 车队, 动员, 抗议者, 社交, 年轻"
16101468,红旗招展，游行队伍,"法国, 红色, 旗帜, 示威游行, 共产主义者, 红旗, 户外, 年轻人, 民选官员, 车队, 动员, 抗议者"
16101474,六十周年，红旗游行,"法国, 红色, 旗帜, 示威游行, 共产主义者, 红旗, 户外, 年轻人, 民选官员, 车队, 动员, 抗议者"
16113052,黑白抗争，勇气与革命,"法国, 黑白, 男人, 城市, 旗帜, 示威游行, 红旗, 摔跤, 勇气, 革命"
16113112,青年游行，红旗飘扬,"法国, 红色, 示威游行, 共产主义者, 红旗, 抗议者, 年轻人, 联盟, 学生"
16141463,高举拳头，红色抗争,"法国, 红色, 示威游行, 共产主义者, 抗议者, 共产主义"
16141472,红旗烈焰，示威怒火,"法国, 红色, 旗帜, 示威游行, 共产主义者, 红旗, 抗议者, 共产主义, 红光, 火, 熊熊烈火"
16141476,红旗之下，游行现场,"法国, 红色, 旗帜, 示威游行, 共产主义者, 红旗, 抗议者, 共产主义"
16141501,红旗飘扬，示威现场,"法国, 红色, 旗帜, 示威游行, 共产主义者, 红旗, 抗议者, 共产主义, 烟熏"
16904613,春日绿叶，自然生机,"自然, 树, 绿色, 风景, 花园, 木头, 树叶, 草地, 树枝, 叶子, 春天"
17734823,多尔山下，湖泊静谧,"自然, 绿色, 水, 植被, 木头, 布列塔尼, 湖泊, 屏障, 小麦, 睡莲, 放松"
17768573,普瓦捷古桥，阳光洒落,"建筑, 水, 太阳, 漏光, 桥"
17768576,绿意浪漫，自然之美,"绿色, 水, 蓝色, 生活, 房子, 绿树, 自然之美, 在路上"
18099951,沼泽牧牛，田园风光,"自然, 植被, 动物, 沼泽, 奶牛, 农场动物"
18100443,卷发女子，暖调肖像,"肖像, 暖色调, 发展, 毛发, 羽绒被, 现代艺术, 发圈"
18332906,万圣南瓜，秋日氛围,"橙色, 秋天, 冷杉球果, 黑板, 薄雾, 紫水晶, 人物, 挂钩, 凯旋门, 万圣节, 南瓜"
18458017,雨后彩虹，校车路上,"树木, 公交车, 雨后, 彩虹, 瞳孔, 雨水, 彩虹背景, 校车"
18780101,利摩日晨光，建筑掠影,"建筑, 云朵, 公园, 石头建筑, HDR, 明亮光线, 晨空"
18890794,普瓦捷大教堂，古朴庄严,"大教堂, 建筑, 石头, 对比, 地标, 花园, 教堂, 植被, 晴朗蓝天, 门户"
18890798,晨曦教堂，蓝天石墙,"大教堂, 建筑, 石头, 白色, 对比, 蓝色, 教堂, 晴朗蓝天, 巨大的"
18890846,秋日序曲，河岸初色,"自然, 水, 风景, 植物, 植被, 河流, 秋天, 河岸, 秋意"
18890872,秋色台阶，河岸漫步,"自然, 水, 植被, 树叶, 秋天, 河岸, 米色, 台阶, 噪点, 秋色, 秋叶"
18890960,堆肥木屑，自然循环,"堆肥, 木头, 无政府主义"
18890989,林间小桥，河岸秋色,"自然, 树木, 绿色, 水, 植被, 河流, 河岸, 树枝, 去饱和, 杂草丛生, 森林探险"
18890991,秋叶如栏，抽象秋意,"自然, 背景, 树叶, 抽象, 秋天, 秋色, 秋意"
18890992,圣洁教堂，石白色调,"石头, 白色, 教堂, 去饱和"
18890993,自然如初，河岸探索,"自然, 树木, 绿色, 水, 植被, 河流, 河岸, 树枝, 去饱和, 杂草丛生, 森林探险"
18890994,粗粝原色，涂鸦质感,"黄色, 粗糙, 绘画, 垃圾"
18890995,黄色游鱼，水中悠然,"水, 动物, 黄色, 水生, 鱼"
18935321,书桌上的珠宝与创意,"橙色, 构图, 珠宝, 项链, 纸, 手链, 素描, 绘画, 耳机, 金钱, 笔记本"
18986604,雨中工程，阳光穿透,"水, 房子, 太阳, 工作, 雨, 耀眼阳光, 工程机械"
18994935,商场扶梯，行色匆匆,"男人, 胡须, 帽子, 楼梯, 扶梯, 商场"
18998193,黑白优雅，绅士剪影,"优雅, 黑白, 男人, 胡须, 贸易, 短发, 时尚, 雨伞, 保险, 西装"
19047671,橱窗里的无脸肖像,"复古, 多彩, 优雅, 贸易, 男人们, 商场, 雨伞, 棕褐色调"
19047674,自由女神像，蓝天剪影,"雕像, 石头, 地标, 蓝天, 逆光, 颗粒感, 自由女神像"
19047675,废弃物与塑料垃圾,"汽车, 垃圾, 塑料, 垃圾管理"
19047677,绿意盎然，光影斑驳,"自然, 绿色, 背景, 漏光, 树叶, 光线"
19047681,黑白航拍，火车进站,"黑白, 城市, 航拍, 火车, 交通运输, 火车站, 旅行, 单色, 旅程, 通勤列车, 通勤"
19047682,无光之日，街灯剪影,"云朵, 太阳, 抽象, 影子, 路灯柱, 灯"
19047688,普瓦捷街景，古今建筑交融,"法国, 建筑, 街道, 街景, 繁忙街道, 普瓦捷, 户外, 欧洲, 地标, 旅行, 城市, 建筑物"
19047689,黑白烟头，岁月痕迹,"石头, 黑白, 对比, 象征性, 裂缝, 存储卡"
19059606,老式加油站，黑白怀旧,"黑白, 复古, 燃料, 天然气"
19059624,迷途之人，黑白剪影,"黑白, 复古, 线条, 箭头, 特征"
19059625,玻璃裂痕，极简冲击,"背景, 纹理, 极简, 玻璃, 冲击, 极简背景"
19059634,阳光穿透，光影屋檐,"对比, 房子, 太阳, 影子, 屋顶"
19059635,普瓦捷老阳台，红砖百叶窗,"城市, 复古, 阳台, 红砖, 百叶窗"
19059636,复古加油站，黑白怀旧,"背景, 黑白, 复古, 燃料, 天然气"
19059637,粉白砖墙，纹理细腻,"石头, 白色, 纹理, 粉色, 砖, 砖楼"
19059638,缤纷渐变，色彩之墙,"自然, 房子, 色彩, 渐变色"
19509151,绿色微光，抽象之美,"绿色, 抽象, 文物, 闪光"
19509156,黑白建筑，线条之美,"建筑, 黑白, 椅子, 钢铁, 惬意氛围, 线条与曲线"
19654381,红光下的肖像艺术,"肖像, 猫, 几何, 椅子, 线条, 红光, 肖像艺术, 透明"
19654398,软萌小狗，慵懒时光,"绿色, 织物, 狗, 挂钩, 小狗, 安抚玩偶, 互联网, 针织服装, 毛绒玩具"
19983129,手工披萨，美味时刻,"披萨, 白色, 木头, 红色, 桌子, HDR, 奶酪, 汤匙, 叉子, 鲜奶油, 灯笼, 做披萨"
20315376,怀表里的昨日时光,"古代, 橙色, 图案, 天气, 金色, 手表, 防雨装备, 钟表, 素雅, 珠宝, 表链"
20315377,远方咖啡，温暖时光,"焦外虚化, 白色, 咖啡, 桌子, 温暖, 三, 巧克力, 糖浆, 白巧克力"
21906951,黑白石塔，云影相衬,"建筑, 石头, 黑白, 云朵, 白石"
21906959,蓝天下宁静的白石教堂,"建筑, 石头, 对比, 蓝色, 教堂, 天空, 云朵, 十字架, 白石, 舒缓"
21952372,尼奥尔小店里的缤纷生活,"变焦, 鲜艳色彩, 贸易, 礼物, 咖啡杯, 马克杯, 商店"
21952373,静谧惬意的法式厨房角落,"光线, 厨房, 去饱和, 美食角, 放松"
21992006,春天来了，黄花绽放,"自然, 焦外虚化, 绿色, 肖像, 花, 植物, 植被, 黄色, 绽放"
21992034,沼泽农场偶遇的黑白猫,"自然, 猫, 农业, 野生动物, 农场, 黑白猫, 环顾四周"
21992037,农场里祖孙与猫的日常,"自然, 绿色, 肖像, 对比, 蓝色, 猫, 蓝天, 黑色, 农场, 农民, 爷爷"
21992039,城市中行走的身影,"男人, 城市, 十字架, 工作, 手机"
22125754,乳白石光影几何抽象,"石头, 漏光, 光线, 几何, 抽象, 现代, 石堆, 乳白石"
22125755,苔痕古迹间探寻天光,"自然, 树, 绿色, 花朵, 植被, 城市, 粉色, 光线, 苔藓, 文物, 逆光, 蓬松"
22125756,蓝天下的钢铁尖塔,"蓝色, 云朵, 蓝天, 现代, 影子, 钢铁, 玻璃, 强烈"
22591345,田间劳作的女农民,"树, 绿色, 对比, 蓝色, 植被, 绿植, 蓝天, 女人, 乡村, 农民, 女农民, 棍子"
22591346,柴火炉里跃动的火焰,"木头, 火, 木柴, 雕刻, 蝾螈"
22591347,老旧打印机的内部构造,"绿色, 白色, 奶油色, 纸, 米白色, 残骸, 薯片, 电路, 电力, 机器, 打开的, 打印机"
22591348,蓬松白云下的城市屋顶,"蓝色, 云, 房屋, 城市, 黑色, 蓬松, 灰色, 天蓝色, 住宅, 屋顶"
22667987,长椅上春意萌动的爱恋,"户外, 男人, 天空, 城市, 光线, 女人, 爱, 情侣, 长椅"
22667988,翠绿枝叶间的天光,"树, 绿色, 叶子"
22667989,普瓦捷城市全景,"风景, 城市, 城市规划"
22674081,沉睡中的猫咪剪影,"肖像, 猫, 抽象, 宠物, 睡眠, 鬃毛"
23102800,五一劳动节的工人游行,"派对, 共产主义者, 联盟, 摔跤, 五一劳动节, 鸫鸟, 工人"
23409059,安哥拉猫的剪影肖像,"肖像, 复古, 猫, 房子, 宠物, 噪点, 侧影, 安哥拉"
23409060,绿意盎然的花园石阶,"自然, 树, 石头, 花朵, 植物, 花园, 木头, 台阶, 红土球场"
23409061,河岸绿意与睡莲清波,"自然, 树木, 石头, 绿色, 水, 对比, 植被, 河岸, 船, 小船, 睡莲, 清澈的水"
23414377,黄白花朵的优雅姿态之二,"焦外虚化, 肖像, 花, 黄色, 花粉, 白色"
23414378,紫白花朵的优雅姿态之三,"花, 白色, 植物, 光线, 紫色"
23414380,白色花朵的挺拔姿态,"自然, 焦外虚化, 花, 植物, 生活, 变焦, 郁郁葱葱, 扭曲, 白色, 重复"
23414381,尼奥尔圣母教堂的哥特尖塔,"法国, 城市景观, 尼奥尔, 尖塔, 圣母教堂, 建筑, 欧洲, 遗产, 风景, 地标, 旅游, 教堂"
23414382,尼奥尔圣母教堂与河畔风光,"法国, 河流, 尼奥尔, 尼奥尔圣母教堂, 树木, 建筑, 户外, 欧洲, 遗产, 风景, 地标, 旅游"
23414383,秋叶环绕的宁静长椅,"木头, 公园, 秋天, 叶丛, 长椅, 木制, 宁静, 自然, 法国, 户外, 欧洲"
23414384,尼奥尔沼泽的静谧水道,"自然, 树, 水, 对比, 植物, 生活, 草地, 沼泽, 运河, 绿水, 黄花, 舒缓"
23932629,慵懒清晨的猫咪与咖啡,"焦外虚化, 肖像, 猫, 法国, 咖啡, 棕色, 咖啡杯, 马克杯, 早餐, 放松"
23947485,破碎光影的抽象律动,"背景, 纹理, 漏光, 光线, 抽象, 颜色, 运动, 图案, 艺术, 效果, 动感"
24200555,村庄上空的璀璨星空,"树, 天空, 云, 村庄, 房子, 夜晚, 天文学, 星星, 太空, 图标, 夜间摄影"
25177036,春夏之交的繁花绽放,"花, 夏天, 植物, 花园, 花瓣, 季节, 叶子, 树枝, 春天, 动感, 生长, 绽放"
25182670,普瓦图乡间的复古列车,"火车, 自然, 树木, 户外, 风景, 复古, 乡村, 天际线, 田野, 风力发电机, 电线杆"
25255092,金色晨光里的咖啡时光,"法国, 黄色, 咖啡, 玻璃, 金色, 糖, 开胃酒, 杯子, 咖啡拉花, 糖罐, 用户友好"
26082574,手持 iPhone 的时髦奶奶,"肖像, 木头, 乡村, 窗户, 报纸, 调色板, 苹果, iPhone, 数码照片, 数码, 花园椅"
26598923,木栈道上渺小的身影,"自然, 树, 肖像, 对比, 男人, 影子, 季节, 木栈道, 逆光, 人类, 巨大, 眩晕"
26598924,河岸木栈道上的静谧星夜,"自然, 石头, 水, 植被, 房子, 草地, 河岸, 木栈道, 逆光, 长椅, 繁星, 放松"
26598925,垂柳依依的黑白河岸,"自然, 建筑, 石头, 户外, 水, 黑白, 植被, 房子, 草地, 季节, 河岸, 垂柳"
27016844,蓝天下的绿色田野,"田野, 自然, 绿色, 风景, 蓝色, 天空, 云朵, 自由, 草地, 破旧, 农业, 地球"
27016847,蓝天下的宁静小村庄,"村庄, 自然, 绿色, 风景, 蓝色, 天空, 云朵, 太阳, 自由, 草地, 破旧, 农业"
27016848,压顶蓝天下的乡村原野,"自然, 绿色, 风景, 蓝色, 天空, 云朵, 村庄, 太阳, 自由, 草地, 破旧, 农业"
27025911,中世纪白石门廊建筑,"石头, 白色, 对比, 徕卡, 钢铁, 白石, 铁, 中世纪建筑, 门户, 山脊, 门框"
27025912,粉色花瓣的微距诗意,"自然, 焦外虚化, 绿色, 花, 植物, 微距, 粉色, 情感, 徕卡, 花瓣, 诗歌"
27025913,黄粉相间的花瓣微距之二,"自然, 焦外虚化, 绿色, 花, 植物, 微距, 黄色, 粉色, 情感, 徕卡, 花瓣"
27025915,街角橱窗里的迷你图书馆,"徕卡, 镜头光晕, 街道, 书, 玻璃窗, 作者, 版本, 图书馆"
27025916,Cordeliers 的夏日色彩台阶,"桥, 徕卡, 色彩, 台阶, 装饰, 夏日氛围, 贸易"
27025917,露台上的极简桌椅光影,"桌子, 法国, 石头, 徕卡, 极简, 影子, 派对, 酒吧, 椅子, 露台, 稻草, 极简主义"
27025918,法国大选中的政治角力,"法国, 旗帜, 摔跤, 蝾螈幼体, 激进分子"
27046095,夏日花园里的粉色花朵,"自然, 焦外虚化, 绿色, 花, 夏天, 白色, 植物, 花园, 微距, 粉色, 情感"
27046110,三叶草造型的古老木门,"背景, 木头, 古代, 徕卡, 天气, 入口, 门, 墙, 绘画, 分离, 三叶草"
27046156,锻铁大门的古朴质感,"背景, 木头, 徕卡, 入口, 门, 墙, 铁, 分离, 锻铁"
27046179,粉色花瓣绽放的瞬间,"花瓣, 自然, 焦外虚化, 绿色, 花, 夏天, 白色, 植物, 花园, 微距, 粉色"
27046192,城市街头的抗议标语,"法国, 肖像, 城市, 徕卡, 黑板, 愤怒, 政治, 抗议标语, 变压器"
27046193,花丛中辛勤劳作的蜜蜂,"自然, 焦外虚化, 绿色, 肖像, 花, 夏天, 白色, 植物, 花园, 微距, 动物"
27046196,一枝独秀的花束微距,"花束, 自然, 焦外虚化, 绿色, 花, 夏天, 白色, 植物, 花园, 微距, 情感"
27046197,黑白光影下的露天座,"法国, 树木, 石头, 黑白, 植物, 徕卡, 夏日风情, 酒吧, 椅子, 厨房"
27046198,圣母院街的夏日黑白剪影,"树, 夏天, 黑白, 植物, 城市, 树叶, 徕卡, 街道, 夏日风情, 女人, 炎热, 道路"
27116680,法式餐桌上的美酒佳肴,"法国, 桌子, 眼镜, 奶油色, 开胃酒, 一餐, 熟食拼盘, 酒精, 瓶子, 利口酒, 盘子, 桌布"
27116682,浩瀚繁星与银河夜空,"夜晚, 星星, 银河, 黑暗, 夜空, 背景, 探索, 黑色, 晴朗天空, 天文学, 宇宙"
27116683,橙色房间里的怪诞兔子,"橙色, 破旧, 现代, 房间, 奇怪, 令人不安, 兔子, 惊讶"
27116684,红白抽象纹理之三,"背景, 白色, 红色, 破旧, 现代, 天气, 绘画, 消防水带"
27116685,自由绽放的夏日希望,"自然, 焦外虚化, 花, 背景, 夏天, 生活, 黄色, 自由, 夏日风情, 希望"
27116687,白色花瓣里的哀伤诗意,"花, 背景, 白色, 对比, 黄色, 诗歌, 诗意的, 4K背景, 悲伤"
27116688,黑白光影下的溪流瀑布,"自然, 水, 黑白, 植被, 复古, 台阶, 杂草丛生, 有机的, 小溪, 石阶, 特技"
27116689,去饱和处理的静谧林间,"自然, 树, 绿色, 白色, 对比, 复古, 诗歌, 去饱和, 诗意的, 清澈, 通道, 树干"
27116691,蓝色小屋窗前的蛛网,"焦外虚化, 树, 白色, 蓝色, 房子, 窗户, 装饰, 诗意的, 灌木, 悬索, 线, 蜘蛛网"
27116693,夏日多云的天空纹理,"户外, 背景, 夏天, 白色, 对比, 纹理, 蓝色, 天空, 云, 季节, 多云"
27116694,含苞待放的粉色花蕾,"自然, 树, 绿色, 户外, 花, 树叶, 粉色, 探索, 富士胶片, 根, 假期, 夏日氛围"
27141259,从白到粉的夏日花色,"自然, 焦外虚化, 绿色, 花, 夏天, 白色, 植物, 微距, 黄色, 自由, 粉色"
27141260,夏日绽放的紫色花朵,"自然, 焦外虚化, 绿色, 花, 夏天, 植物, 微距, 自由, 情感, 紫色, 花瓣"
27141262,夏日紫色花瓣的微距之美,"自然, 焦外虚化, 绿色, 花, 夏天, 植物, 微距, 自由, 情感, 紫色, 花瓣"
27141263,紫色花瓣的微距诗意,"自然, 焦外虚化, 绿色, 花, 植物, 微距, 情感, 紫色, 花瓣, 诗歌, 微距照片"
27141266,夏日蓝天下的路灯剪影,"户外, 背景, 夏天, 白色, 对比, 蓝色, 天空, 云, 漏光, 季节, 路灯柱"
27141270,樱桃番茄花的微距诗意,"自然, 焦外虚化, 绿色, 花, 植物, 微距, 情感, 花瓣, 诗歌, 微距照片"
27141271,金属质感的光影纹理,"纹理, 金属, 焦外虚化, 影子, 反叛者"
27141272,灰石裂纹的天然纹理,"纹理, 焦外虚化, 石头, 灰色, 反叛者, 清澈, 裂缝, 龟裂"
27141503,夜空中皎洁的月色,"自然, 背景, 白色, 蓝色, 天空, 破旧, 夜晚, 天文学, 傍晚, 发光体, 月亮"
27488882,日式餐厅里的寿司拼盘,"寿司, 蓝色, 椅子, 餐厅, 桌子, 饮料, 亚洲, 啤酒, 小龙虾, 油炸食品, 烈酒, 日本"
27488883,红光摇曳的演唱会瞬间,"演唱会, 抽象, 派对, 动感, 扭曲, 红灯, 人群, 音乐, 抽象艺术, 幸福, 舞台"
27520517,天线划过蓝天的几何诗意,"白色, 对比, 蓝色, 天空, 云朵, 自由, 现代, 诗意的, 线条, 天线, 阴影, 矩形"
27520518,面包与黄油的静物艺术,"抽象, 艺术, 静物, 艺术品, 面包, 黄油"
27531658,繁星如纱的银河夜空,"天空, 自由, 夜晚, 文物, 天文学, 宇宙, 长曝光, 天体, 太空, 繁星, 银河, 占星术"
27585488,猫咪 Plum 的温馨肖像,"肖像, 焦外虚化, 动物, 猫, 房子, 自然的, 温暖, 猫科动物, 舒适, 毛皮, 家居"
27588523,古董金表机芯特写,"黄色, 古代, 变焦, 天气, 金色, 手表, 19世纪, 钟表, 钟表机械, 齿轮, 红宝石"
27588524,古董金表机芯特写之二,"黄色, 古代, 变焦, 天气, 金色, 手表, 19世纪, 钟表, 钟表机械, 齿轮, 红宝石"
27681005,大西洋的金色夕照,"自然, 背景, 水, 蓝色, 黄色, 太阳, 橙色, 天际线, 海洋, 色调, 细微差别"
29136736,黑白光影下的飞鸟,"自然, 城市, 动物, 鸟, 黑白动物"
29136737,颗粒质感的月球天文影像,"复古, 黑色, 夜晚, 天文学, 颗粒感, 天文, 发光体, 天体摄影, 天文艺术, 天体物理学, 月球天文"
29136738,一丛紫罗兰的绽放,"自然, 焦外虚化, 肖像, 花, 植物, 紫色, 蔬菜, 花苞, 帅气, 唯美壁纸"
29136739,紫罗兰的娇美绽放,"自然, 焦外虚化, 肖像, 花, 植物, 紫色, 蔬菜, 花苞, 帅气, 唯美壁纸"
29136740,对称构图里的蓟花,"自然, 焦外虚化, 肖像, 花, 植物, 对称, 蔬菜, 花苞, 帅气"
29136741,蜂巢造型的现代建筑,"建筑, 现代, 重复图案, 玻璃窗, 混凝土, 蜂巢"
29136742,红色花蕾的对称之美,"自然, 焦外虚化, 肖像, 花, 植物, 红色, 对称, 蔬菜, 花苞"
29136743,粉白相间的花蕾肖像,"自然, 焦外虚化, 肖像, 花, 白色, 植物, 粉色, 对称, 蔬菜, 花苞"
29136745,对称构图下的花卉肖像,"自然, 肖像, 花, 植物, 对称, 蔬菜, 花苞, 帅气, 唯美壁纸"
29136746,沼泽水道上的小船,"小船, 自然, 肖像, 植物, 旅游, 对称, 沼泽, 蔬菜, 冒险, 船"
29136747,黑白光影下的骏马,"自然, 复古, 动物, 农场, 马, 黑白艺术, 吃草, 帅气"
29136748,农场里吃草的骏马,"自然, 动物, 农场, 马, 吃草, 帅气"
29136749,金黄色的天然地毯,"背景, 植物, 黄色, 图案, 重复图案, 概览, 地毯, 干燥"
29136750,紫罗兰的柔美绽放,"自然, 焦外虚化, 肖像, 花, 植物, 紫色, 对称, 蔬菜, 花苞"
29136751,通向森林深处的邀请,"自然, 树, 背景, 木头, 森林, 蔬菜, 冒险, 发现, 概览"
29136752,沼泽间的静谧水路,"自然, 树, 肖像, 植物, 旅游, 对称, 沼泽, 蔬菜, 冒险, 船"
29136905,Airais 沼泽的静谧光影,"自然, 绿色, 背景, 水, 漏光, 沼泽, 画框, 请柬, 概览, 舒缓"
29136978,黄色直升机的紧急救援,"直升机, 黄色, 变焦, 运动, 动作, 飞行, 援助, 照顾者, 紧急情况, 干预, 螺旋桨"
29169887,蓝天下的葡萄藤园,"自然, 木头, 蓝天, 草地, 传统, 栅栏, 藤蔓, 葡萄酒, 舒缓"
29169888,列车窗外的古老教堂,"火车, 建筑, 石头, 夏天, 旅游, 教堂, 复古, 古代, 光线, 信仰, 夏日风情"
29169889,湛蓝天空下的古老钟楼,"树, 石头, 蓝色, 天空, 现代, 路灯柱, 温暖, 强烈, 时钟, 小时, 钟"
29169890,夏日阳光下的古老教堂,"建筑, 石头, 夏天, 旅游, 教堂, 复古, 古代, 光线, 信仰, 夏日风情, 酒吧"
29169891,奥贝奈小镇的古朴石屋,"建筑, 石头, 复古, 木头, 古代, 酒吧, 阳台, 餐厅, 微凉, 住所, 东方"
29170673,缤纷细腻的色彩背景,"自然, 绿色, 花, 白色, 生活, 红色, 情感, 现代, 颜色, 图案, 多彩, 精细"
29170674,去饱和的树林质感,"树, 背景, 木头, 去饱和"
29170688,神秘古朴的私人宅邸,"白色, 漏光, 建筑, 信仰, 自然的, 游客, 积极的, 神秘的, 自然色彩"
29170689,石阶与根系间的探索之旅,"旅行, 自然, 树, 石头, 绿色, 漏光, 树叶, 探索, 地球, 台阶, 根, 邂逅"
29170691,苔藓覆盖的岩石光影,"自然, 树, 石头, 绿色, 背景, 漏光, 探索, 树枝, 地球, 苔藓, 台阶"
29170692,石阶上的青苔光影,"自然, 树, 石头, 绿色, 背景, 漏光, 探索, 地球, 苔藓, 台阶"
29170694,堆叠石块间的自然光影,"自然, 树, 石头, 绿色, 背景, 对比, 黄色, 漏光, 探索, 地球, 苔藓"
29170695,石阶苔藓的自然画卷,"自然, 树, 石头, 绿色, 背景, 探索, 地球, 苔藓, 台阶, 旅行"
29170696,苔痕石阶的自然构图,"自然, 树, 石头, 绿色, 背景, 探索, 地球, 苔藓, 台阶, 旅行"
29170697,缤纷绚烂的花坛图案,"自然, 绿色, 花, 白色, 生活, 红色, 自由, 情感, 紫色, 现代, 颜色, 图案"
29188524,木板上的奶酪拼盘,"木头, 钢铁, 入口, 奶酪, 刀, 一餐, 木板, 水牛马苏里拉奶酪, 砧板, 马苏里拉奶酪"
29188525,香甜诱人的苹果挞,"苹果, 水果挞, 厨房, 糖, 甜点"
29360492,孚日糖果的缤纷特写,"背景, 色彩, 糖, 糖果, 脸颊, 甜品, 甜品艺术, 细节特写, 节日气氛, 多彩背景, 树脂"
29435831,都市猫咪的叛逆神情,"肖像, 城市, 猫, 可爱动物, 猫科动物, 可爱, 冷色调, 家畜, 反叛者, 闹钟"
29630257,十二月的圣诞夜晚,"树木, 夜晚, 圣诞节, 微凉, 花环, 魔法, 庆典艺术, 冷空气, 十二月"
29654799,亚洲风味的意面时光,"意大利面, 厨房, 食物, 亚洲, 中式筷子, 筷子, 意面碗"
29654800,餐桌上的生蚝开胃菜,"厨房, 入口, 桌子, 开胃酒, 稻草, 鸡尾酒吧, 鸡尾酒, 牡蛎, 盐"
29835361,圣诞马槽里的静谧微光,"极简, 派对, 装饰, 圣诞节, 基督教, 耶稣, 蜡烛, 耶稣诞生场景, 流星"
29926168,圣诞氛围里的猫咪,"猫, 光线, 派对, 喜悦, 装饰, 圣诞节, 构图, 沟通, 冷杉, 礼物, 流行, 蝴蝶结"
30755522,木板上的法式腊肠拼盘,"香肠, 木头, 几何, 构图, 开胃酒, 欧皮纳折叠刀, 熟食拼盘, 橄榄树, 木板, 刀刃, 午餐, 肉"
30908349,苔痕斑驳的远古菊石化石,"绿色, 古代, 苔藓, 考古, 化石, 软体动物, 岩石, 唯美壁纸"
30908350,春日花开正盛,"花, 春天氛围, 放松"
30957681,厨房里专注的猫咪,"猫, 厨房, 可爱动物, 长曝光, 可爱, 专注, 萌宠"
30957682,安哥拉猫的玩耍时光,"猫, 可爱动物, 长曝光, 安哥拉, 回力球, 放松"
31285711,复古木桌上的美味披萨,"披萨, 蓝色, 复古, 木头, 奶酪, 分割, 刀, 欧皮纳折叠刀, 橄榄树, 培根, 适合家庭"
31514836,独自归来的白鸽,"白色, 动物, 市场, 鸽子, 单个, 白色翅膀, 羽翼"
31514837,尼奥尔中央市场的钢构与玻璃,"树, 石头, 路灯柱, 市场, 钢铁, 玻璃, 前院, 中央市场"
31514838,粉色玫瑰花瓣特写,"粉色, 自然的, 花瓣, 特写, 玫瑰, 花开, 精致, 美丽, 自然, 花, 植物, 纹理"
31514839,市场上鸽子的相遇,"动物, 市场, 鸽子, 几个"
31514840,绿意盎然的春日花毯,"自然, 焦外虚化, 绿色, 花朵, 生活, 树枝, 效果, 含苞待放, 春天氛围, 风格化, 放松"
31514841,棕色球果的自然微距,"自然, 绿色, 变焦, 树枝, 棕色, 冷杉球果, 植物微距, 壁纸, 放松"
31514842,独自漫步的白翼鸽,"动物, 市场, 鸽子, 单个, 白色翅膀"
31514843,白石立柱间的自然光影,"自然, 树, 建筑, 石头, 白色, 柱子"
31514844,紫色花海铺成的地毯,"自然, 焦外虚化, 花朵, 生活, 粉色, 紫色, 树枝, 效果, 含苞待放, 春天氛围, 风格化, 放松"
31514846,Port Boinot 的老建筑与雕塑艺术,"建筑, 艺术, 柱头, 字体设计, 水塔"
31514847,河畔长椅上的相遇,"自然, 树, 水, 河流, 情侣, 邂逅, 长椅, 眼镜"
31514848,晨光中的古老教堂,"建筑, 石头, 教堂, 树枝"
31514849,破碎光影里的教堂春景,"焦外虚化, 建筑, 石头, 花朵, 教堂, 树枝, 效果, 含苞待放, 春天氛围, 风格化, 防雨装备, 破碎"
31514850,白色花朵的春日气息,"自然, 焦外虚化, 花朵, 白色, 生活, 树枝, 效果, 含苞待放, 春天氛围, 风格化, 放松"
31640851,红外镜头下的粉色世界,"粉色, 建筑, 生活, 汽车, 道路, 红外, 阴郁天空"
31641251,红外街拍里的城市幽灵,"树, 城市, 运动, 女人, 智能手机, 红外, 公交车, 手机, 路人, 公交站, 石板, 头盔"
31641577,红外镜头下的型格少年,"太阳, 粉色, 派对, 炎热, 卷发, 胡子, 红外, 夹克, 表圈, 冷色调, 课堂, 卷曲"
31838328,教堂建筑的柔和颗粒质感,"建筑, 教堂, 细微差别, 噪点, 柔和色调"
31999682,金色黄昏下的梦幻花园小径,"花朵, 夏天, 花园, 自然的, 街道, 墙壁, 小路, 请柬, 通道, 黄金时刻, 橙色天空"
31999683,巨大教堂的震撼变形视角,"建筑, 教堂, 红色, 信仰, 巨大, 变形"
31999687,神气十足的鸽子王子,"自然, 绿色, 鸽子, 摆拍, 幸运, 机会, 皇家, 壮丽"
32053231,昂热圣莫里斯大教堂的罗马式建筑,"法国, 建筑, 城市, 大教堂, 昂热, 罗马式复兴建筑, 圣莫里斯大教堂, 石头, 户外, 欧洲, 遗产, 地标"
32127342,自信闪耀，整装待发,"变焦, 珠宝, 动感, 手表, iPhone, 自信, 电影院, 可爱的姿势, 激励人心的, 耀眼"
32419034,加尼耶市政厅的白石立面,"加尼耶, 法国, 建筑, 石头, 白色, 立面, 市政厅, 细微差别, 雕塑艺术"
32419037,沼泽水面映出的生命之镜,"自然, 法国, 绿色, 生活, 河流, 树枝, 破旧, 镜头光晕, 沼泽, 沉思, 镜子"
32419038,夏日绽放的花期,"自然, 绿色, 肖像, 花, 夏天, 生活, 橙色, 破旧"
32419041,一个微笑,"焦外虚化, 肖像, 镜头光晕, 微笑, 胡子, 表圈, 公山羊, 魅力"
32419042,夏日花开的微距特写,"变焦, 焦外虚化, 花, 微距, 生活, 橙色, 破旧, 花期, 开花, 孵化"
32419045,法国运河水闸的宁静倒影,"自然, 法国, 绿色, 生活, 河流, 树枝, 破旧, 镜头光晕, 沼泽, 沉思, 水闸, 镜子"
32419048,斑斓色彩的抽象派对,"抽象, 派对, 椅子, 多彩的, 杂色的"
32419049,鸽子踌躇的瞬间,"肖像, 动物, 鸽子, 隐喻"
32419405,灰白石阶纹理特写,"石头, 背景, 白色, 对比, 纹理, 台阶, 灰色"
32419406,隐匿在绿植中的路灯,"绿色, 绿植, 路灯柱, 隐藏"
32419407,公园长椅上的静谧休憩,"自然, 公园, 背部, 颗粒感, 放松, 简约, 和平"
32419408,白色花卉纹样的生死对比,"自然, 花, 背景, 白色, 对比, 生死"
32419410,黑白影像里的欢声笑语,"黑白, 摄影, 喜悦, 一起, 大笑, 摄影图像"
32419411,夏日草地的自然虚化,"自然, 背景, 夏天, 纹理, 草地, 炎热, 模糊, 背景虚化"
32419412,黑白光影里的两个身影,"石头, 黑白, 动作, 帽子, 男人们, 两个, 瓷砖"
32419413,蓝调水面抽象光影,"背景, 水, 对比, 纹理, 蓝色, 漏光, 抽象, 破旧, 镜头光晕, 黑色, 模糊"
32419414,一起奔跑的伙伴们,"蓝色, 公园, 运动, 活动, 努力, 球衣, 停车场, 跑步者"
32419498,从桥上眺望教堂,"树, 建筑, 教堂, 信仰, 去饱和, 晴朗午后, 传统教堂"
32419525,教堂修缮的红外影像,"树, 建筑, 教堂, 红色, 粉色, 信仰, 红外, 红外摄影"
32429183,一束树叶的光影层次,"自然, 绿色, 背景, 对比, 黑色, 叶子, 细微差别"
32429184,绿叶交错的几何之美,"自然, 焦外虚化, 绿色, 花, 背景, 白色, 对比, 几何, 喜悦, 叶子"
32429185,公园里宽广的爱恋,"男人, 公园, 女人, 孤独, 爱, 棕色, 情侣, 智能手机, 隐喻, 沟通, 棕发"
32429186,生活丛林里的独处片刻,"自然, 绿色, 公园, 孤立, 女人, 休息, 椅子, 单个, 智能手机, 野生"
32429188,虚化绿意中的梦幻花境,"自然, 焦外虚化, 绿色, 花, 背景, 白色, 对比, 喜悦, 叶子, 细微差别"
32429189,藤蔓缠绕的死胡同石径,"绿色, 扭曲, 死胡同, 攀缘植物, 石板"
32429190,石墙间的红色极简木门,"石头, 红色, 门, 极简建筑, 手腕"
32429191,法式露台上惬意的微笑时光,"法国, 微笑, 喜悦, 露台, 玻璃, 珠宝, 手表, 项链, 放松"
32429192,公园里的情侣与沟通隐喻,"男人, 公园, 女人, 孤独, 爱, 棕色, 情侣, 智能手机, 隐喻, 沟通, 棕发"
32429264,街头巷道中的蓝色木门,"建筑, 对比, 街道, 阳台, 构图, 鲜艳色彩, 城市生活, 人行通道"
32429265,虚化背景中的白色紫罗兰,"自然, 焦外虚化, 绿色, 花, 背景, 白色, 对比, 喜悦, 叶子, 细微差别"
32429266,绿叶花朵的微距地平线,"自然, 绿色, 花, 背景, 叶子, 细微差别, 微距细节"
32429267,怀旧复古的纪念肖像,"肖像, 纪念品, 复古, 微笑, 怀旧"
32429268,虚化市场景象的发展隐喻,"焦外虚化, 市场, 隐喻, 发展, 动力"
32429293,法式露台藤编座椅的极简之美,"背景, 法国, 咖啡, 极简, 图案, 酒吧, 椅子, 露台, 棋盘格, 藤编, 放松"
32429294,露台上安静读书的女子,"法国, 生活方式, 咖啡, 女人, 酒吧, 椅子, 露台, 法式风格, 表圈, 回放, 书"
32429295,巴黎酒吧露台的胜利隐喻,"法国, 酒吧, 露台, 珠宝, 巴黎, 隐喻, 象征, 公文包, 足球"
32429296,贝雷帽下的法式露台生活,"贝雷帽, 法国, 生活方式, 咖啡, 酒吧, 香烟, 露台, 珠宝, 法式风格, 金色"
32429297,复古怀旧的微笑肖像,"肖像, 纪念品, 复古, 微笑, 怀旧"
32544433,六月露台上悠闲的咖啡时光,"夏天, 咖啡, 女人, 椅子, 露台, 回放, 用户友好, 层次, 蒙太奇, 放松"
32920014,印刷厂油墨色彩纹理,"背景, 纹理, 色彩, 效果, 墨水, 印刷厂"
33035626,调色板与工具静物,"调色板, 塑料薄膜, 斧头, 书"
33035627,蒙帕纳斯大厦旁的地铁站,"地铁, 大都市, 蒙帕纳斯大厦"
33035628,巴黎奥斯曼风格建筑,"奥斯曼风格, 巴黎, 城市, 住宅, 奥斯曼建筑"
33035634,巴黎蒙帕纳斯大厦的压迫感,"法国, 建筑, 纪念碑, 巴黎, 压迫感"
33035635,埃菲尔铁塔的经典风采,"塔, 埃菲尔铁塔, 法国, 建筑, 复古, 纪念碑, 巨大, 钢铁, 树, 遗产, 云"
33035637,法式石柱与古典雕塑,"柱子, 法国, 古代雕塑, 剑"
33035638,耶稣基督古典雕塑,"耶稣, 古代雕塑, 基督"
33035639,赫拉女神古典雕塑,"赫拉, 古代雕塑, 女神"
33035642,巴黎摩天大楼直插云霄,"云朵, 巴黎, 多云天空, 摩天大楼, 法国, 建筑, 欧洲, 地标, 法国建筑, 城市景观, 对称"
33035645,卢浮宫前探索的喜悦笑容,"女人, 法国, 美丽, 探索, 人群, 卢浮宫, 眼镜, 博物馆"
33035647,教堂内虔诚的弥撒时刻,"大教堂, 信仰, 大教堂建筑, 弥撒, 神父, 祈祷, 彩色玻璃窗"
33035648,长发女子的城市背影,"背影, 城市, 女人, 几何, 瓷砖, 长发, 发圈, 长袍, 包"
33035651,巴黎圆亭咖啡馆露台,"圆亭, 餐厅, 巴黎, 咖啡馆露台, 积极生活方式, 客户, 服务员"
33035652,RER 城铁疾驰的速度感,"大都市, 火车, 地铁, 模糊, 运动, RER B线, 公共交通, 速度"
33035654,夏日盛开的紫罗兰,"紫罗兰, 炎热, 夏天, 花朵, 白色, 和平, 诗歌"
33035657,虚化背景中的自然叶影,"自然, 背景, 焦外虚化, 树叶, 现代, 自然的, 演示"
33035658,木与叶间的自然诗意,"木头, 树叶, 自然, 放松, 光, 自然光, 诗意的"
33035659,苔藓木纹背景特写,"纹理, 木头, 背景, 4K, 苔藓"
33035660,夏日户外的粉色心形花,"自然, 炎热, 夏天, 花, 户外"
33035661,夏日绿荫环绕的尼奥尔大教堂,"建筑, 夏天, 绿植, 大教堂, 尼奥尔, 尼奥尔大教堂, 自然, 法国, 树木, 石头, 户外, 欧洲"
33035693,地铁站黄色几何墙面,"黄色, 墙, 大都市, 背景, 放松, 地铁, 城市, 几何, 壁纸, 线条"
33035694,地铁站里的时钟与时光,"焦外虚化, 富士胶片, 大都市, 地铁, 木头, 孚日山脉, 嗨, 柔和, f/1.4, 时间, 时钟, 天气"
33035888,巴黎露台，灯笼下的悠闲阅读,"巴黎, 放松, 咖啡馆露台, 阅读, 亚洲餐厅, 灯光, 灯笼, 灯具"
33036031,海滨步道的光斑与静谧,"海滨步道, 自然, 放松, 光, 光斑, 小路, 光晕"
33036165,夏日紫罗兰独具诗意,"花朵, 炎热, 夏天, 白色, 和平, 诗歌, 紫罗兰, 独特"
33036167,虚化树叶的自然背景,"自然, 背景, 焦外虚化, 树叶, 现代, 自然的, 演示"
33036184,夏日紫罗兰的静谧诗意,"紫罗兰, 炎热, 夏天, 花朵, 白色, 和平, 诗歌"
33185094,木质背景前的自拍与猫,"自拍, 自然, 木头, 猫, 自然的, 灰色, 几何线条"
33834555,紫色漏光中的女子背影,"自然, 绿色, 花, 漏光, 紫色, 镜头光晕, 女人, 背部, 表圈, 秀发, 松果"
34197247,法式聚会后的熟食拼盘,"法国, 派对, 欧皮纳折叠刀, 熟食拼盘, 遗迹, 锋利的刀"
34340147,复古胶片质感的森林木栈道,"石头, 复古, 木头, 森林, 木栈道, 颗粒感, 胶片摄影, 图像学, 资源"
34342112,泛光灯下的人体艺术剪影,"自然, 泛光灯, 人体模特"
34342113,欧式引水渠与水闸风景,"自然, 水, 风景, 桥, 欧洲, 引水渠, 水闸"
34342114,引水渠畔的法式传统,"法国, 石头, 肖像, 黄色, 引水渠, 林地, 暖色调, 放松"
34342115,秋日树叶渐褪的色彩,"自然, 树, 背景, 树叶, 秋天, 季节, 插画风格, 镰刀"
34342116,老树桩的生命印记,"树, 肖像, 木头, 根, 树桩"
34342117,水闸的几何线条之美,"焦外虚化, 几何, 钢铁, 水闸"
34342118,秋叶铺就的自然背景,"自然, 背景, 树叶, 秋天, 季节, 插画风格, 镰刀"
34342120,绿树倒影，微眩光晕,"自然, 树, 绿色, 镜头光晕, 眩晕, 忧虑"
34342121,溪水边的梦幻树影,"自然, 树, 水"
34342124,水闸旁长椅上的静坐时光,"旅游, 漏光, 休息, 长椅, 水闸, 例外, 耀眼, 令人印象深刻"
34342125,自然与人类，光影中的隐喻,"自然, 法国, 镜头光晕, 汽车, 柔和光线, 人类, 强光, 关系, 视觉隐喻"
34342126,法国引水渠的传统之美,"法国, 石头, 肖像, 黄色, 引水渠, 林地, 暖色调, 放松"
34342127,自然倒影的微距细节,"自然, 背景, 情感, 强烈, 微距细节, 倒影"
34342128,树影水流间的自然河岸,"自然, 树木, 水, 生活, 破旧, 水流, 海岸"
34342129,自然河岸边的石砌台阶,"自然, 石头, 台阶"
34342130,秋叶轮回，四季更替,"自然, 背景, 树叶, 秋天, 季节, 插画风格, 镰刀"
34342131,枝影交错间的耀眼水岸,"树枝, 自然, 树木, 水, 生活, 破旧, 镜头光晕, 水流, 引人入胜, 海岸, 耀眼"
34342132,卷发男子的金色背影,"男人, 天际线, 金色, 背部, 卷发, 凝视, 背影男子"
34342133,金色天际下凝望的背影,"男人, 天际线, 金色, 背部, 卷发, 凝视, 背影男子"
34342134,虚化背景中的摄影师,"焦外虚化, 男人, 摄影师, 动作, 夹克, 佳能EOS 5D, 尼康"
34342135,摄影师整理夹克的瞬间,"焦外虚化, 男人, 摄影师, 动作, 夹克, 佳能EOS 5D, 尼康"
34342136,水岸树影的自然肖像,"自然, 树木, 水, 生活, 树叶, 破旧, 镜头光晕, 树枝, 水流, 引人入胜, 海岸, 前景"
34342137,林地暖色调中的树枝与石头,"树枝, 法国, 石头, 肖像, 黄色, 引水渠, 林地, 暖色调, 放松"
34342138,背光中的摄影师剪影,"法国, 焦外虚化, 肖像, 男人, 光线, 天际线, 摄影师, 金色, 背部, 蓬松, 卷发, 胡子"
34342139,金色光线下男子的回眸一瞥,"法国, 焦外虚化, 肖像, 男人, 光线, 天际线, 微笑, 金色, 蓬松, 卷发, 胡子, 引人入胜"
34342140,卷发胡须男子的爽朗笑容,"法国, 焦外虚化, 肖像, 男人, 光线, 天际线, 微笑, 金色, 背部, 蓬松, 卷发, 胡子"
34342141,法国石砌引水渠的沧桑之美,"自然, 法国, 石头, 引水渠, 真实, 插画风格, 标志性"
34342142,森林深处的自然光束,"旅游, 漏光, 森林, 休息, 例外, 浅色, 耀眼, 令人印象深刻"
34342144,法国的繁茂热带花园,"热带, 法国, 鲜艳色彩, 闪烁, 繁茂, 棕榈树"
34342145,森林中耀眼的光影沐浴,"旅游, 漏光, 森林, 休息, 例外, 浅色, 耀眼, 令人印象深刻"
34342146,古桥黑白影像，枯枝相映,"石头, 对比, 复古, 古代, 桥, 树枝, 黑白艺术"
34342148,石头质感纹理特写,"纹理, 石头, 对比, 颗粒感, 高清"
34342149,秋叶环绕的黑白空船，静谧湖面,"黑白, 树叶, 秋天, 湖泊, 划艇, 平静, 忧郁, 自然, 树木, 户外, 水"
34342150,锈迹斑斑的废弃建筑,"古代, 钢铁, 铁, 投降, 废弃建筑, 铁锈"
34342151,苔藓石间，水流轻漾,"石头, 水, 树叶, 苔藓, 海浪, 水流, 放松, 和平"
34342152,引水渠与村庄剪影,"建筑, 肖像, 引水渠"
34342153,金色光影下的石拱引水渠,"树, 建筑, 石头, 肖像, 树叶, 桥, 引水渠, 金色"
34342360,秋叶纹理的细致解剖,"秋天, 叶子, 解剖, 对比"
34354413,落叶间被遗弃的小船,"树叶, 小船, 投降, 不祥的"
34354417,黑白肖像，镜头光晕微笑瞬间,"肖像, 黑白, 变焦, 镜头光晕, 摄影, 微笑, 摄影师, 富士胶片, 腾龙, 洛特省"
34354418,黑白肖像，富士胶片质感,"肖像, 黑白, 变焦, 摄影, 摄影师, 富士胶片, 腾龙"
34354420,洛特省黑白肖像摄影瞬间,"肖像, 黑白, 变焦, 镜头光晕, 摄影, 微笑, 摄影师, 富士胶片, 腾龙, 洛特省"
34354421,黑白公园树木与海堤,"自然, 树木, 黑白, 花园, 公园, 壁垒, 海堤"
34354423,洛特省黑白肖像，镜头光晕微笑,"肖像, 黑白, 变焦, 镜头光晕, 摄影, 微笑, 摄影师, 富士胶片, 腾龙, 洛特省"
34354424,尼奥尔秋色公园，远眺大教堂,"公园, 秋天, 大教堂, 尼奥尔, 如画的, 自然, 法国, 树木, 建筑, 户外, 欧洲, 风景"
34354427,情侣自拍，甜蜜眨眼瞬间,"男人, 微笑, 女人, 爱, 情侣, 浪漫的, 开心, 金发, 自拍, 蓝眼睛, 棕色眼睛, 眨眼"
34354428,情侣甜蜜自拍，浪漫时刻,"男人, 微笑, 女人, 爱, 情侣, 浪漫的, 开心, 金发, 自拍, 蓝眼睛, 棕色眼睛"
34408224,法国街道，三色旗飘扬的复古氛围,"法国, 街道, 三色旗, 角砾岩, 龙, 复古氛围"
34408656,秋雨中的自然美景,"秋日氛围, 雨, 自然的, 主题, 美丽"
34491966,红外胶片下的划艇风情,"色彩, 红外, 胶片摄影, 红外摄影, 运动, 异域风情, 划艇"
34500328,黑白森林中的河畔僻静小屋,"黑白, 房子, 河流, 森林, 僻静, 郁郁葱葱, 自然, 树木, 建筑, 户外, 水, 风景"
34500331,傍晚灯光下的工厂,"傍晚, 发光, 生产"
34500332,黑白拱门下的汽车与骑行者,"黑白, 历史, 汽车, 拱门, 骑行者, 历史拱门, 建筑, 户外, 对比, 纹理, 城市, 单色"
34500333,摄影师调整相机手动设置,"树, 摄影师, 拍摄角度, 格子衬衫, 手动设置"
34500334,公园里朋友聚会，手机与纸牌,"公园, 玻璃, 分割, 男人们, 群体, 朋友, 聚会, 野餐区, 放松"
34500335,阳光下的绿叶背景,"自然, 绿色, 背景, 树叶, 自然背景"
34500336,绿叶铺就的自然背景,"自然, 绿色, 背景, 树叶, 自然背景"
34500337,自然中裸露的树根,"自然, 根, 切碎"
34500347,红瓦屋顶纹理背景,"红瓦屋顶, 瓷砖图案"
34500348,石缝中生机盎然的绿植,"自然, 石头, 绿色, 生活, 根, 帅气"
34500350,绿意中的木桥栈道，金色点缀,"自然, 绿色, 桥, 木栈道, 金色点缀"
34500351,杂草丛生的路灯与灯塔,"自然, 路灯柱, 灯塔, 杂草丛生"
34500354,蓝天下的干邑市政厅,"花园, 蓝天, 市政厅, 共和国, 白石"
34500384,干邑历史市政厅，国旗与花园相映,"法国, 花园, 蓝天, 旗帜, 法国国旗, 市政厅, 干邑, 干邑市政厅, 建筑, 户外, 花朵, 欧洲"
34500385,花园长椅上的静憩,"花园, 运动, 模糊, 坐在长椅上"
34500386,干邑市政厅花园一角,"花园, 蓝天, 市政厅, 共和国, 白石"
34500387,露台咖啡座上的法国国旗,"法国, 肖像, 旗帜, 咖啡, 共和国, 法兰西共和国, 露台"
34500388,干邑市政厅，蓝天白石,"花园, 蓝天, 市政厅, 共和国, 白石"
34500393,彩旗飘扬的道路施工现场,"色彩, 派对, 道路施工, 三角旗, 花盆, 印度餐厅, 吊舱"
34500394,法国国旗下的咖啡露台,"法国, 肖像, 旗帜, 咖啡, 共和国, 法兰西共和国, 露台"
34500395,法式露台上的肖像,"肖像, 法国, 旗帜, 咖啡, 共和国, 法兰西共和国, 露台"
34500396,法兰西共和国的旗帜,"法国, 旗帜, 共和国, 法兰西共和国"
34500397,教堂神圣的彩色玻璃窗,"建筑, 背景, 教堂, 彩色玻璃窗, 神圣"
34500398,皮革座椅，启程上路,"旅行, 车辆, 皮革"
34500399,背包上路，平静的离去背影,"蓬松, 背包, 帽子, 内心平静, 忙碌中, 离去背影, 和平"
34500400,极简建筑的笔直线条,"建筑, 背景, 素雅, 极简建筑, 凹槽"
34500401,南方屋前老树深深扎根,"树, 花朵, 房子, 天气, 根, 啃咬过的, 坡道, 南方"
34506473,钢铁珠宝戒指的静谧魔力,"钢铁, 珠宝, 书签, 大马士革, 戒指"
34506494,石质吊坠的艺术视角,"吊坠, 石头, 肖像, 织物, 原创, 艺术视角, 砂金石"
34517717,法式复古书桌，惬意咖啡时光,"法国, 复古, 咖啡, 休息, 休息室, 书桌, 文具, 用品, 放松"
34532663,餐厅里欢乐的聚餐时光,"派对, 爱, 餐厅, 分割, 一餐"
34552337,法国秋日村庄教堂与木栈道,"法国, 教堂, 村庄, 秋天, 木栈道"
34552338,橙色路灯下的秋日暖意,"橙色, 树, 路灯柱, 暖色调, 秋日氛围, 宁静氛围, 月光"
34552339,月光下的路灯，秋日暖意,"树, 橙色, 路灯柱, 暖色调, 秋日氛围, 宁静氛围, 月光"
34762346,木构建筑中古朴的木门与灯笼,"木头, 乡村风, 门, 灯笼, 木门, 法国, 欧洲, 遗产, 复古, 历史, 古代"
34793918,麻雀栖石特写，虚化背景,"背景, 栖息, 岩石, 麻雀, 自然, 石头, 肖像, 户外, 自由, 鸟, 系列, 色调"
34793919,石上栖息麻雀的羽毛特写,"特写, 栖息, 麻雀, 家麻雀, 羽毛, 自然, 肖像, 户外, 动物, 自由, 白天, 鸟"
34793920,岩石上麻雀羽毛细节特写,"特写, 麻雀, 家麻雀, 自然, 肖像, 户外, 自由, 白天, 鸟, 系列, 色调, 野生动物"
34828680,石墙上独立的海鸥，天空静谧,"大海, 石墙, 海鸥, 宁静, 自然, 法国, 户外, 背景, 欧洲, 蓝天, 自由"
34849705,圣米歇尔山修道院哥特拱顶与彩窗,"建筑, 窗户, 哥特式, 哥特式建筑, 拱门, 修道院, 圣米歇尔山, 彩色玻璃, 法国, 石头, 欧洲, 遗产"
34894953,雾海中孤独伫立的 Le Loup 灯塔,"法国, 大海, 灯塔, 狼, 薄雾, 孤独, 自然, 建筑, 绿色, 欧洲, 地标, 旅行"
34894969,肖塞群岛绿荫中的石砌金字塔地标,"法国, 石头, 绿色, 地标, 绿植, 肖塞群岛, 沿海, 金字塔, 自然, 建筑, 户外, 欧洲"
34894970,格朗维尔多云天空下的灯塔,"法国, 天空, 灯塔, 多云, 海岸, 多岩石的, 格朗维尔, 如画的, 自然, 建筑, 绿色, 户外"
34908867,肖塞群岛礁石上的海边小屋,"法国, 房子, 肖塞群岛, 岛屿, 沿海, 岩石, 多岩石海岸, 自然, 树木, 建筑, 户外"
34930396,湛蓝海浪的抽象纹理,"纹理, 蓝色, 抽象, 海洋, 海浪, 鲜艳, 水生, 水蓝色, 自然, 户外, 水, 大海"
34939467,圣普朗谢岩岸上的宁静灯塔,"法国, 灯塔, 岩石, 多岩石海岸, 圣普朗谢, 宁静, 户外, 欧洲, 水, 风景, 地标"
34939468,法国多岩海岸边的宁静小船,"法国, 冒险, 船, 多岩石海岸, 放松, 自然, 户外, 欧洲, 风景, 旅游, 旅行, 大海"
34939469,诺曼底海岸壮丽礁石与海浪,"海洋, 海浪, 海岸, 诺曼底, 岩石地貌, 壮丽, 自然, 法国, 石头, 户外, 欧洲"
34956321,十字架上的海鸥，黑白静谧,"黑白, 白色, 大海, 黑色, 孤独, 十字架, 海鸥, 平静, 自然, 石头, 户外, 对比"
34956322,多岩海岸上的黑白孤舟,"黑白, 孤独, 海岸, 多岩石海岸, 废弃, 划艇, 纹理, 复古, 单色, 大海, 孤立, 自然的"
34982307,圣诞灯饰下的酒吧夜生活片段,"喜悦, 酒吧, 人群, 圣诞灯饰, 城市灯光, 醉酒, 派对氛围"
34988859,花园中猫咪的好奇张望,"猫, 色彩, 闪烁, 动物好奇心, 可爱猫咪, 花园氛围"
35024039,蓝天下层叠岩石构成的自然奇观,"多云天空, 美景, 自然纪念地, 叠石, 自然, 石头, 户外, 风景, 蓝天, 大海, 白天, 孤立"
35086239,白黄野花盛开的原野,"自然, 野生, 田野, 野花, 绿色, 户外, 花, 夏天, 风景, 花园, 植被, 绿植"
35168742,马耶讷省绿荫环绕的石砌钟楼,"法国, 绿植, 塔, 时钟, 钟楼, 马耶讷省, 自然, 树木, 建筑, 户外, 欧洲, 风景"
35363731,圣诞氛围中的可爱猫咪,"猫, 派对, 圣诞购物, 可爱宠物, 圣诞礼物"
35403785,客厅里的多米诺骨牌游戏,"客厅游戏, 游戏, 精美展示, 计算表, 多米诺骨牌, 嬉戏地"
36170132,春日尼奥尔，桥下涨水运河中的鸭群,"法国, 桥, 尼奥尔, 春天, 鸭子, 洪水, 水淹运河, 自然, 树木, 户外, 欧洲, 水"
38188748,图卢兹格拉夫穹顶与圣皮埃尔桥夜色,"图卢兹, 格拉夫圆顶, 圣皮埃尔桥, 加龙河, 法国, 夜间摄影, 灯光照明, 历史建筑, 桁架桥, 路灯, 夜空, 倒影, 城市景观, 玫瑰之城, 河边, 欧洲旅行, 地标, 黄昏光线, 暖光, 城市天际线"
38188749,图卢兹圣皮埃尔桥畔的格拉夫穹顶夜景,"图卢兹, 格拉夫圆顶, 圣皮埃尔桥, 加龙河, 法国, 夜间摄影, 竖构图, 灯光照明, 历史建筑, 路灯, 夜空, 倒影, 玫瑰之城, 河边, 城市景观, 欧洲旅行, 地标, 黄昏光线, 暖光, 独行者"
38256668,白色毛绒独角兽玩偶特写,"独角兽, 毛绒玩具, 儿童玩具, 金角湾, 可爱, 奇幻, 特写, 微距, 焦外虚化, 背景虚化, 白色, 幻想, 童年, 婴儿房装饰, 顽皮的, 神奇的, 室内, 柔和灯光, 玩具摄影"
38256669,花卉靠枕与手机的黑白静物,"黑白, 单色, 床, 床上用品, 花卉靠枕, 智能手机, 静物, 舒适, 生活方式, 纺织品, 褶皱床单, 早晨, 家居室内, 极简, 特写, 俯视图, 床上的手机, 图案, 柔光, 放松"
38256829,草帽男子倚靠树枝的惬意肖像,"男人, 肖像, 生活方式, 草帽, 纹身, 太阳镜, 户外, 树枝, 自然, 夏天, 休闲, 微笑, 秃头, 胡须, 抓拍, 斑驳光影, 绿植, 成年男性, 放松氛围, 公园"
38279502,阳光下绿叶间的白玫瑰,"白玫瑰, 玫瑰, 花, 花开, 花瓣, 花园, 微距, 特写, 植物, 自然, 花蕊, 绿叶, 春日花开, 精致, 花卉, 阳光, 新鲜, 绽放, 柔焦"
38279503,黑白树枝间的喜鹊特写,"喜鹊, 鸟, 黑白, 单色, 野生动物, 栖息, 树枝, 羽毛, 自然, 花园鸟类, 乌鸦, 鸟类, 特写, 叶丛, 城市野生动物, 欧洲鸟类, 喙, 尾羽, 春天, 林地"
38279504,尼奥尔市政厅立面，旗帜飘扬,"建筑, 立面, 尼奥尔, 市政厅, 法国, 欧洲, 地标, 旅游, 新阿基坦大区, 法国建筑, 历史遗址"
38279505,尼奥尔黑白林荫道与长椅,"尼奥尔, 法国, 林荫大道, 大道, 黑白, 单色, 公园长椅, 步道, 夏天, 阴影, 树木, 德塞夫勒省, 城市公园, 公共花园, 人行道, 安静, 绿植, 对称, 法国小镇, 宁静"
38279506,尼奥尔公园里的教堂尖顶与绿树,"法国, 树木, 公园, 尼奥尔, 教堂尖顶, 自然, 建筑, 户外, 欧洲, 遗产, 夏天, 风景"
38279507,白玫瑰环绕的尼奥尔街头动物雕塑,"尼奥尔, 法国, 街头艺术, 雕塑, 公共艺术, 白玫瑰, 玫瑰丛, 城市场景, 城市街道, 建筑, 花朵, 步行街, 夏天, 晴天, 法国小镇, 街景, 现代雕塑, 路边, 店面"
38279508,尼奥尔行政大楼立面与三色旗,"法国, 建筑, 旗帜, 立面, 尼奥尔, 三色, 石头, 欧洲, 遗产, 白色"
38279509,尼奥尔美好年代浮雕细节,"法国, 尼奥尔, 雕塑, 浮雕, 美好年代, 建筑, 石头, 欧洲, 遗产, 复古, 历史"
38279511,淡绿白色绣球花盛放特写,"绣球花, 花, 花开, 微距, 特写, 淡绿色, 白花, 花簇, 植物, 花园, 自然, 花瓣, 夏日花开, 精致, 柔和色彩, 郁郁葱葱, 新鲜"
38279512,粉红矮牵牛与红花相映盛开,"矮牵牛, 粉色花朵, 红花, 花园花卉, 微距, 特写, 花卉, 夏日花开, 多彩, 花坛植物, 植物, 自然, 花开, 鲜艳色彩, 花瓣, 花坛, 鲜艳, 户外花园, 阳光, 盛开"
38279514,尼奥尔广场合欢花荫下的石碑,"尼奥尔, 法国, 合欢树, 粉色花朵, 银合欢树, 石碑, 公共广场, 夏天, 公园, 行人, 城市景观, 法国小镇, 树木, 阴影, 纪念碑, 广场, 绿植, 晴天, 散步"
38279515,尼奥尔市中心公交车与街头雕塑,"尼奥尔, 法国, 城市公交, 公共交通, 街景, 雕塑, 行人, 商店, 城市生活, 店面, 市中心, 夏天, 交通, 法国小镇, 建筑, 日常生活, 人行道, 抓拍"
38279516,洋红色矮牵牛花微距特写,"矮牵牛, 洋红色, 粉色花朵, 微距, 特写, 花卉, 植物, 花园, 夏日花开, 鲜艳色彩, 花瓣, 自然, 花开, 花坛植物, 鲜艳, 花坛, 阳光, 纹理, 户外, 多彩"
38279517,尼奥尔街头雕塑广场上的行人,"尼奥尔, 法国, 街头艺术, 公共广场, 行人, 雕塑, 城市街道, 店面, 夏天, 市中心, 城市场景, 法国小镇, 商店, 抓拍, 正午阳光, 城市生活, 遮阳篷, 购物者, 散步, 广场"
38279684,水中花朵与路灯的梦幻倒影,"花朵, 水, 艺术, 倒影, 晴朗天空, 路灯柱, 梦幻, 水道, 自然, 法国, 绿色, 欧洲"
38536476,男子在城市咖啡店中的惬意时光,"男人, 生活方式, 休闲, 咖啡店, 焦外虚化, 肖像, 夏天, 城市, 白天, 头像照, 倒影"
38536477,白衬衫男子户外惬意品尝冰饮,"户外, 男人, 放松的, 白衬衫, 冰饮, 焦外虚化, 肖像, 夏天, 城市, 生活方式, 头像照, 休闲"
38536478,白衬衫眼镜男子从容自信肖像,"肖像, 男人, 眼镜, 放松的, 白衬衫, 自信, 生活方式, 现代, 头像照, 极简, 微笑, 特写"
38536479,戴眼镜蓄须男子户外自信微笑肖像,"肖像, 户外, 男人, 胡须, 眼镜, 自信, 焦外虚化, 城市, 生活方式, 头像照, 休闲, 男性"
38536480,男子在户外咖啡馆惬意享用饮品,"户外, 咖啡馆, 肖像, 生活方式, 微笑, 街道, 日光, 休闲, 男性, 胡须, 眼镜"
38536481,戴镜男子微笑肖像，怡然自得,"肖像, 户外, 男人, 微笑, 特写, 眼镜, 放松的, 满足, 焦外虚化, 城市, 生活方式, 白天"
38536694,男子沉思吸烟，背景灯光虚化朦胧,"肖像, 背景, 男人, 香烟, 若有所思, 吸烟, 模糊灯光, 焦外虚化, 户外, 夏天, 城市, 生活方式"
38561990,男子沉思肖像，背景虚化朦胧,"肖像, 男人, 特写, 表情, 若有所思, 背景虚化, 焦外虚化, 户外, 生活方式, 情感, 现代, 摄影"
38561991,阳光下，男子低头吸烟若有所思,"男人, 肖像, 吸烟, 香烟, 沉思, 特写, 明亮光线, 焦外虚化, 过曝, 休闲, 成年男性, 胡茬, 抓拍, 户外人像, 生活方式, 柔焦背景, 若有所思的表情, 日光, 高调摄影"
38561992,户外男子吸烟特写，神情如电影般深沉,"户外, 男人, 特写, 香烟, 若有所思, 吸烟, 电影感, 焦外虚化, 肖像, 城市, 生活方式, 情感"
38561993,柔光侧脸，男子悠然吸烟,"男人, 肖像, 吸烟, 香烟, 侧面视图, 明亮光线, 焦外虚化, 高调摄影, 休闲, 沉思, 成年男性, 胡茬, 抓拍, 户外人像, 生活方式, 日光, 柔焦, 过曝背景, 若有所思, 低头凝视"
38561994,发丝凌乱，男子驻足沉思燃一支烟,"男人, 肖像, 香烟, 吸烟, 手, 戒指, 沉思, 凌乱头发, 明亮光线, 焦外虚化, 抓拍, 休闲, 成年男性, 胡茬, 若有所思的目光, 生活方式, 户外人像, 高调摄影, 日光, 特写"
38561995,逆风侧影，男子叼烟凝望,"男人, 肖像, 吸烟, 香烟, 侧影, 手, 被风吹乱的头发, 明亮光线, 焦外虚化, 高调摄影, 抓拍, 休闲, 成年男性, 胡茬, 沉思, 生活方式, 户外人像, 日光, 特写, 柔焦"
38561996,男子街头抽烟，神情沉思,"肖像, 男人, 香烟, 成人, 沉思, 焦外虚化, 户外, 城市, 生活方式, 现代, 头像照, 特写"
38562044,法国街角咖啡馆，好友举杯畅谈,"开胃酒, 咖啡馆露台, 朋友, 户外用餐, 焦外虚化, 街景, 法国, 抓拍, 夏天, 饮品, 生活方式, 社交, 年轻人, 眼镜, 棒球帽, 模糊人群, 城市, 休闲聚会, 日光, 桌子"
38570569,镀铬衣帽架木钉特写，黄雨衣虚化,"衣帽架, 木钉, 镀铬, 挂钩, 黄色雨衣, 微距, 特写, 细节特写, 背景虚化, 焦外虚化, 室内设计, 静物, 木纹, 极简, 入口通道, 雨衣, 弯曲金属, 衣柜, 走廊, 日常用品"
38570570,紫色夜空下，满月升起于屋顶烟囱间,"月出, 满月, 屋顶, 烟囱, 电视天线, 卫星天线, 剪影, 夜空, 紫色天空, 云朵, 黑暗, 夜间摄影, 法国, 氛围感, 神秘的, 忧郁, 傍晚, 戏剧性天空, 屋顶轮廓, 城市夜景"
38570572,法国村庄小巷，背包男子独行,"街头摄影, 狭窄街道, 村庄, 法国, 散步, 背包, 北坡, 抓拍, 行人, 小巷, 停放的汽车, 帽子, 花衬衫, 旅行, 游客, 后视, 砂岩建筑, 百叶窗, 日常生活, 夏天"
38570603,锈迹橙面上，紫色情书涂鸦,"涂鸦, 我爱你, 街头艺术, 喷漆, 紫色, 橙色, 做旧风, 纹理, 城市艺术, 法国, 生锈金属, 浪漫的, 风化, 破坏行为, 文字艺术, 情书, 多彩, 粗糙, 特写"
38674515,虚化菱形轮廓间，一弯新月,"新月, 月相, 蓝天, 黄昏, 焦外虚化, 剪影, 抽象, 极简, 菱形, 前景虚化, 艺术, 法国, 傍晚天空, 柔焦, 创意构图, 忧郁, 梦幻, 失焦, 天空缝隙"
38674516,蓝色暮空中，一弯新月清辉,"新月, 月相, 黄昏天空, 蓝天, 渐变天空, 橙色地平线, 垂直, 极简, 自然, 黄昏, 晴朗天空, 宁静, 平静, 天空摄影, 氛围感, 柔光, 傍晚, 粉彩天空, 月光"
38674517,屋顶剪影与天线，映衬粉彩暮色,"屋顶, 剪影, 烟囱, 电视天线, 黄昏天空, 粉彩天空, 黄昏, 法国, 傍晚, 城市天际线, 屋顶轮廓, 日落色彩, 氛围感, 极简, 渐变天空, 脚手架, 平静, 蓝粉色天空, 烟囱帽, 老城"
38682316,法国国庆日，市政厅阳台花团与三色旗,"法国国旗, 三色旗, 巴士底日, 市政厅, 阳台, 天竺葵, 矮牵牛, 建筑, 法国, 国庆节, 锻铁栏杆, 花朵, 石头外墙, 爱国的, 百叶窗, 7月14日, 官方建筑, 旗帜展示, 夏天"
38688484,维朗德里老村，石巷幽深,"维朗德里, 村庄街道, 法国, 石屋, 长满苔藓的屋顶, 老房子, 卢瓦尔河谷, 建筑, 遗产, 烟囱帽, 乡村风, 乡村, 汽车, 乡间小路, 传统, 陡坡街道, 历史村庄, 树木, 石墙, 法国乡村"
38688485,维朗德里附近，孩童骑行掠过板岩庄园,"维朗德里, 骑行, 儿童, 家庭骑行, 庄园, 板岩屋顶, 孟莎屋顶, 老虎窗, 村庄, 法国, 树木, 乡村, 头盔, 暑假, 卢瓦尔河谷, 骑行之旅, 截干树, 公路旅行, 假期"
38688486,维朗德里河桥，天竺葵点缀两岸,"维朗德里, 河桥, 天竺葵, 花朵, 河流, 法国, 卢瓦尔河谷, 人行桥, 路灯柱, 花篮, 河边, 村庄, 夏天, 倒影, 绿植, 风景如画, 林荫小路, 粉色花朵, 乡村, 水"
38688488,法国战争纪念碑，一战士兵青铜像,"战争纪念碑, 一战士兵, 雕像, 青铜雕像, 停战, 纪念, 维朗德里, 法国, 一战法国士兵, 纪念碑, 头盔, 大衣, 历史, 第一次世界大战, 蓝天, 纪念雕像, 爱国的, 雕塑, 致敬"
38688489,维朗德里河畔，古朴小船静泊,"法国, 历史, 维朗德里, 河流, 船, 码头, 河岸, 宁静, 自然, 绿色, 户外, 欧洲"
38688658,维朗德里，河畔小桥掩映茂林,"法国, 植被, 维朗德里, 河流, 桥, 茂密植被, 自然, 树木, 建筑, 户外, 欧洲, 遗产"
38694025,维朗德里城堡厨房，古铜锅具与餐桌,"维朗德里城堡, 铜锅, 古董厨房, 静物, 烛台, 玻璃水瓶, 汤盅, 酒瓶, 室内, 法国, 卢瓦尔河谷, 历史室内, 餐桌布置, 瓷器, 复古, 乡村厨房, 铜制炊具, 烛光, 用餐, 遗产"
38694042,维朗德里城堡立面特写，黑白典雅,"法国, 黑白, 维朗德里, 维朗德里城堡, 立面, 细节, 优雅, 建筑, 石头, 户外, 欧洲, 遗产"
38694043,维朗德里花园黑白影像，古朴典雅,"花园, 历史, 维朗德里, 单色, 经典, 优雅, 自然, 法国, 建筑, 石头, 户外, 欧洲"
38694044,维朗德里，花园运河与古建筑相映成趣,"建筑, 花园, 天空, 历史, 维朗德里, 运河, 宁静, 自然, 法国, 户外, 欧洲, 遗产"
38694045,德吕耶，蓝天下静谧的整齐花园,"法国, 蓝天, Druye, 宁静, 自然, 建筑, 户外, 欧洲, 遗产, 夏天, 地标, 旅游"
38694046,维朗德里菜园小径通向教堂,"维朗德里城堡, 菜园, 观赏花园, 教堂尖顶, 村庄, 法国, 卢瓦尔河谷, 黄杨树篱, 花园凉亭, 游客, 高处视角, 规整式花园, 遗产地, 蓝天, 旅游, 园艺, 景观设计, 造型植物, 夏日花园"
38694047,中央-卢瓦尔河谷，维朗德里花园精巧设计,"法国, 维朗德里, 中央-卢瓦尔河谷大区, 设计, 维朗德里城堡花园, 自然, 树木, 建筑, 户外, 欧洲, 遗产, 夏天"
38694048,维朗德里城堡倒映池中，如画风光,"花园, 维朗德里, 维朗德里城堡, 如画的, 自然, 法国, 树木, 户外, 欧洲, 遗产, 夏天, 风景"
38694049,维朗德里城堡，黄杨花坛几何图案,"维朗德里城堡, 黄杨花坛, 观赏花园, 造型植物, 花园设计, 法国, 卢瓦尔河谷, 规整式花园, 几何图案, 树篱, 园艺, 遗产地, 对称, 绿色迷宫, 卷草纹饰, 高处视角, 旅游, 城堡庭院, 风景, 正午阳光"
38694050,维朗德里城堡几何花园航拍美景,"法国, 花园, 维朗德里, 维朗德里城堡, 自然, 绿色, 户外, 欧洲, 遗产, 夏天, 绿植, 园艺"
38694051,维朗德里城堡花园航拍，几何图案葱郁,"绿色, 花园, 绿植, 维朗德里, 维朗德里城堡, 航拍, 自然, 法国, 户外, 欧洲, 遗产, 夏天"
38694052,维朗德里花园，造型植物与喷泉相映,"花园, 维朗德里, 造型植物, 修剪整齐的, 喷泉, 自然, 法国, 建筑, 户外, 欧洲, 遗产, 夏天"
38694053,维朗德里菜园漫步，远眺村庄屋顶,"维朗德里城堡, 菜园, 秋海棠, 彩色花坛, 教堂尖顶, 村庄, 法国, 卢瓦尔河谷, 游客, 屋顶, 花园小径, 观赏花园, 高处视角, 规整式花园, 遗产, 黄杨树篱, 园艺, 夏天"
38694054,维朗德里花园，精致图案的遗产地标,"法国, 遗产, 地标, 花园, 维朗德里, 自然, 建筑, 绿色, 户外, 欧洲, 夏天, 旅游"
38694055,维朗德里城堡，花园图案航拍俯瞰,"法国, 花园, 维朗德里, 维朗德里城堡, 图案, 航拍, 自然, 户外, 欧洲, 遗产, 植物, 旅游"
38694056,中央-卢瓦尔河谷，维朗德里城堡几何花园,"法国, 维朗德里, 维朗德里城堡, 中央-卢瓦尔河谷大区, 几何花园, 自然, 户外, 欧洲, 遗产, 夏天, 地标, 绿植"
38694057,维朗德里花园，花坛图案航拍全景,"法国, 维朗德里, 航拍, 花坛, 维朗德里城堡花园, 欧洲, 遗产, 旅游, 绿植, 村庄, 园艺, 维朗德里城堡"
38694058,维朗德里城堡花园，优雅精致绿意浓,"法国, 花园, 绿植, 维朗德里城堡, 优雅, 自然, 建筑, 石头, 户外, 欧洲, 遗产, 夏天"
38694059,维朗德里城堡菜园，规划精致,"法国, 维朗德里, 维朗德里城堡, 菜园, 户外, 欧洲, 遗产, 夏天, 绿植, 园艺, 中央-卢瓦尔河谷大区, 白天"
38694060,维朗德里花园，精巧花坛绿意盎然,"法国, 绿色, 花园, 绿植, 维朗德里, 花坛, 郁郁葱葱, 自然, 建筑, 户外, 欧洲, 遗产"
38708319,维朗德里城堡，藤上青葡萄渐熟,"维朗德里城堡, 葡萄, 葡萄园, 藤蔓, 青葡萄, 藤架, 农业, 水果, 法国, 卢瓦尔河谷, 夏季丰收, 葡萄藤, 焦外虚化, 阳光, 花园, 葡萄种植, 树叶, 成熟的水果, 特写, 微距"
38708320,维朗德里城堡，秋海棠娇艳柔焦特写,"秋海棠, 粉色花朵, 微距摄影, 焦外虚化, 花卉, 花园花卉, 维朗德里城堡, 法国, 特写, 柔焦, 洋红色, 鲜艳色彩, 夏日花朵, 自然, 花开, 花瓣, 斑叶, 花卉微距, 观赏花园, 多彩"
38708321,维朗德里城堡，蓝刺头花团虚光摇曳,"蓝刺头, 蓝色花朵, 紫色花朵, 微距摄影, 焦外虚化, 花卉, 花园, 维朗德里城堡, 法国, 尖刺花, 自然, 夏日花开, 野花, 特写, 植物, 多年生植物, 花卉微距, 观赏花园, 柔焦"
38708322,维朗德里城堡，粉色福禄考暗调微距,"福禄考, 粉色花朵, 微距摄影, 焦外虚化, 花卉, 黑色背景, 花园, 维朗德里城堡, 法国, 特写, 花开, 花瓣, 夏日花朵, 鲜艳, 植物, 自然, 花簇, 高对比度, 观赏花园, 多彩"
38708323,维朗德里城堡花园，鹅黄玫瑰褶瓣盛放,"黄玫瑰, 奶油色玫瑰, 褶皱花瓣, 微距摄影, 焦外虚化, 花卉, 花园, 维朗德里城堡, 法国, 特写, 玫瑰花, 夏日花朵, 浪漫的, 复古玫瑰, 植物, 自然, 粉彩色, 花卉微距, 盛开, 柔光"
38712877,石雕戒指盘中，金戒指伴紫水晶,"婚戒, 金戒指, 紫水晶, 宝石, 戒指盘, 刻字戒指, 微距, 特写, 焦外虚化, 珠宝, 婚姻, 婚礼当天, 紫色宝石, 静物, 暖色调, 婚礼细节, 承诺, 浪漫, 优雅"
38712878,灰布之上，玫瑰金戒指配祖母绿,"玫瑰金戒指, 婚戒, 祖母绿, 宝石, 微距, 焦外虚化, 特写, 珠宝, 灰色布料, 柔焦, 婚礼细节, 承诺, 婚姻, 极简, 优雅, 浪漫的, 亚麻, 私密, 静物"
38712879,木架上的书堆与不锈钢马克杯,"书籍, 书堆, 马克杯, 不锈钢, 阅读角, 焦外虚化, 舒适, 木架, 静物, 家庭图书室, 暖光, 特写, 室内, 阅读, 爱好, 小说, 文学, 背景虚化, 爱书人"
38712880,金戒指置于禅意佛像之上,"婚戒, 金戒指, 佛像, 冥想, 禅意, 祖母绿, 宝石, 灵性, 平静, 宁静, 微距, 特写, 静物, 正念, 黑色背景, 婚姻, 象征性"
38712881,绿色请柬上的金戒指,"婚戒, 金戒指, 婚礼请柬, 请柬, 微距, 特写, 木桌, 静物, 婚礼文具, 婚礼当天, 婚姻, 婚礼细节, 金箔, 优雅, 庆祝, 承诺, 浪漫, 纸艺, 婚礼策划, 乡村风"
38712882,婚礼请柬旁的金戒指，马克杯虚化,"婚戒, 金戒指, 婚礼请柬, 请柬, 木桌, 焦外虚化, 马克杯, 微距, 特写, 静物, 婚礼文具, 婚礼当天, 婚姻, 乡村风, 暖色调, 庆祝, 承诺, 金箔, 优雅, 婚礼细节"
38712883,木桌婚礼请柬与金戒指,"婚礼请柬, 请柬套装, 婚戒, 金戒指, 木桌, 平铺摄影, 婚礼文具, 金箔, 微距, 特写, 静物, 婚礼当天, 婚姻, 优雅, 乡村风, 庆祝, 婚礼细节, 承诺, 纸艺, 设计"
38781489,金戒指特写，祖母绿点缀承诺与爱,"特写, 爱, 布料, 承诺, 祖母绿, 婚戒, 焦外虚化, 纹理, 微距, 极简, 艺术, 经典"
38855700,蓝盘烤猪排配酸菜，家常美味,"猪排, 烤肉, 酸菜, 餐盘, 蓝色盘子, 家常菜, 叉子, 木桌, 治愈系美食, 丰盛餐食, 自制, 晚餐, 特写, 乡村桌子, 肉类菜肴, 咸味, 欧式美食, 美味, 配菜, 餐桌布置"
38971384,加利西亚福斯，烟花点亮夜空,"烟花, 福斯, 加利西亚, 西班牙, 夜空, 庆祝, 节日, 庆典, 人群, 露台, 彩色烟雾, 烟火, 夏日节庆, 地方节日, 紫色, 绿色, 夜景, 街头派对, 观众, 酒窖"
38971694,吉普斯夸，薄雾山峰掩映林间,"吉普斯夸, 巴斯克地区, 圣塞巴斯蒂安, 山, 山峰, 薄雾, 雾, 树木, 森林, 自然, 风景, 徒步, 绿色, 忧郁, 氛围感, 西班牙, 荒野, 风景如画"
38973353,毕尔巴鄂附近，暮色中蒸汽升腾的工厂,"毕尔巴鄂, 西班牙, 工业, 工厂, 蒸汽, 起重机, 施工, 巴斯克地区, 黄昏, 黄金时刻, 烟, 桉树, 山丘, 傍晚光线, 城市景观, 制造业, 港口, 薄雾"
38973354,毕尔巴鄂附近，炼油厂火炬俯瞰海岸,"毕尔巴鄂, 西班牙, 炼油厂, 燃气火炬, 工业, 海岸, 巴斯克地区, 大海, 海景, 能量, 石油工业, 汽车, 交通, 蓝天, 海岸线, 悬崖, 工业景观, 电线, 烟囱, 地平线"
38993391,加利西亚天际，日偏食初现,"日食, 偏食, 加利西亚, 西班牙, 太阳, 月亮, 天文学, 日牙, 天空, 2026日食, 天文事件, 橙色光辉, 太空, 天文摄影, 日月, 科学, 罕见事件, 白天, 现象, 观星"
38993497,加利西亚日食，月牙渐深,"日食, 偏食, 加利西亚, 西班牙, 太阳, 月亮, 日牙, 天文学, 2026日食, 天文事件, 橙色光辉, 太空, 天文摄影, 蛾眉月, 日月, 科学, 罕见事件, 现象, 观星, 天空"
38993636,日食渐显蛾眉，天色渐暗,"日食, 偏食, 加利西亚, 西班牙, 太阳, 月亮, 蛾眉月, 天文学, 渐暗天空, 2026日食, 天文事件, 太空, 天文摄影, 日月, 科学, 罕见事件, 现象, 观星, 戏剧性天空, 黄昏般光线"
38994579,公路旅行途中，挡风玻璃外的炽烈日落,"日落, 公路旅行, 车内, 方向盘, 剪影, 孤独, 驾驶, 黄昏, 橙色天空, 智能手机, 傍晚驾车, 黄金时刻, 地平线, 旅行, 挡风玻璃视角, 氛围感, 忧郁, 红色天空, 旅程, 倒影"
38995522,加利西亚日全食，日冕清晰可见,"日全食, 日冕, 色球层, 日珥, 加利西亚, 西班牙, 太阳, 月亮, 全食, 天文学, 天文事件, 2026日食, 太空, 天文摄影, 黑色太阳, 科学, 罕见事件, 现象, 夜空, 红色闪光"
39151960,波城附近，茂林中的干涸溪床,"波城, 法国, 比利牛斯山, 森林, 溪床, 岩石, 溪流, 自然步道, 徒步, 绿色, 蕨类植物, 苔藓, 林地, 石头, 法国自然, 比利牛斯-大西洋省, 户外, 荒野, 小路, 夏日森林"
39151961,波城附近，常春藤覆盖的林间倒木,"波城, 法国, 比利牛斯山, 森林, 常春藤, 倒木, 土路, 蕨类植物, 苔藓, 林地, 自然步道, 绿色, 徒步, 法国自然, 比利牛斯-大西洋省, 灌木丛, 荒野, 户外, 叶丛, 焦外虚化"
39151962,波城附近，干涸沟壑小径穿行绿林,"波城, 法国, 比利牛斯山, 沟壑, 干涸溪流, 森林, 岩石, 徒步小径, 绿色, 林地, 自然步道, 石头, 比利牛斯-大西洋省, 法国自然, 荒野, 户外, 小路, 夏日森林, 树冠, 茂盛绿植"
39151963,比利牛斯-大西洋省，土径蜿蜒密林间,"波城, 法国, 比利牛斯-大西洋省, 比利牛斯山, 森林, 土路, 徒步小径, 绿色, 林地, 自然步道, 茂盛绿植, 树冠, 荒野, 户外, 夏日森林, 树木, 徒步, 风景步道, 小路, 法国自然"
39167572,布齐苔石缠绕锈迹铁丝网,"铁丝网, 苔藓, 岩石, 微距, 特写, 林地, 焦外虚化, 乡村栅栏, 纹理, 绿色, 繁忙, 波城, 比利牛斯-大西洋省, 法国, 乡村风, 自然细节, 蕨类植物, 干枯树枝, 乡村"
39167573,波城午后，草坡远眺朦胧城郭,"波城, 法国, 比利牛斯-大西洋省, 城市景观, 天际线, 山坡景色, 航拍, 公寓楼, 屋顶, 薄雾, 焦外虚化, 干草, 阴天, 小镇, 山谷, 法国西南部, 全景的, 雾蒙蒙"
39167574,布齐林间，苔石掩映蕨丛,"苔藓, 巨石, 蕨类植物, 林地, 微距, 特写, 繁忙, 波城, 比利牛斯-大西洋省, 法国, 绿色, 落叶, 焦外虚化, 自然细节, 灌木丛, 乡村, 乡村风, 落叶层, 草地"
39167575,波城郊野，板岩屋顶老宅俯瞰城郭,"波城, 法国, 比利牛斯-大西洋省, 城市景观, 农舍, 板岩屋顶, 山坡景色, 郊区, 屋顶, 树木, 朦胧, 山谷, 小镇, 法国西南部, 航拍, 乡村, 建筑, 雾蒙蒙, 阴天"
39167576,布齐苔石缠绕藤蔓,"苔藓, 岩石, 藤蔓, 常春藤, 林地, 微距, 特写, 繁忙, 波城, 比利牛斯-大西洋省, 法国, 绿色, 落叶, 焦外虚化, 自然细节, 灌木丛, 乡村, 乡村风, 草地"
39182177,花园侵蚀岩石特写，绿意虚化衬托,"岩石, 侵蚀, 纹理, 苔藓, 微距, 特写, 焦外虚化, 花园, 绿色, 风化石头, 法国, 自然细节, 公园, 绿植, 户外, 地质, 铜绿, 近距对焦, 石头纹理, 自然图案"
39182178,粉色木槿绽放，绿意虚化,"木槿, 粉色花朵, 微距, 特写, 焦外虚化, 绽放, 花园, 植物群, 花瓣, 夏天, 法国, 花苞, 植物, 鲜艳, 洋红色, 自然, 灌木, 绿色背景"
39182179,波城附近，游人凝望史前支石墓，黑白,"支石墓, 巨石, 古迹, 黑白, 单色, 公园, 法国, 波城, 立石, 史前的, 石碑, 游客, 树木, 草地, 历史遗址, 考古, 遗产, 地标, 户外, 影子"
39182180,布齐岩石苔藓地衣微距特写,"自然, 法国, 微距, 苔藓, 地衣, 岩石, 繁忙, 焦外虚化, 石头, 户外, 欧洲, 风景"
39208821,波城附近，石墙夹道的朝圣林间小径,"圣地亚哥朝圣之路, 朝圣之路, 森林小径, 徒步小径, 石墙, 苔藓, 树木, 林地, 法国, 波城, 比利牛斯-大西洋省, 小径, 步道标记, 绿色, 阴凉, 朝圣者, 自然, 乡村, 长满苔藓的石头"
39208822,波城附近，朝圣之路林荫小径,"圣地亚哥朝圣之路, 朝圣之路, 森林小径, 徒步小径, 林地, 树冠, 树木, 阴影, 苔藓, 岩石, 法国, 波城, 比利牛斯-大西洋省, 步道标记, 绿色, 小径, 多叶, 斑驳光影, 朝圣者"
39208846,枯茎投影苔石之上，光影细腻,"微距, 岩石, 影子, 干枯植物, 茎, 苔藓, 纹理, 特写, 极简, 自然细节, 草叶, 比利牛斯-大西洋省, 法国, 石头表面, 植物, 抽象, 大地色调, 阳光, 自然图案, 细节特写"
39208847,波城附近，圣地亚哥朝圣之路石径路标,"圣地亚哥朝圣之路, 路标, 朝圣路标, 徒步小径, 石径, 森林, 苔藓, 巨石, 树木, 法国, 波城, 比利牛斯-大西洋省, 步道标记, 小径, 绿色, 林地, 朝圣者, 自然步道"
39208897,常绿灌木尖叶特写，林间虚化背景,"微距, 特写, 绿叶, 常绿灌木, 焦外虚化, 叶丛, 植物, 自然细节, 林地, 纹理, 阳光, 森林, 比利牛斯-大西洋省, 法国, 尖叶植物, 树枝, 自然光, 植物细节, 野生植物"
39208898,树皮上的黄绿地衣苔藓，常春藤相衬,"地衣, 苔藓, 树皮, 微距, 特写, 常春藤, 纹理, 绿色, 黄色地衣, 林地, 自然细节, 植物, 树枝, 藤蔓, 自然图案, 比利牛斯-大西洋省, 法国, 灌木丛, 细节特写"
39212504,波城附近，粉彩薄雾山林与垂枝,"比利牛斯山, 波城, 法国, 群山, 薄雾, 粉彩色调, 森林, 山丘, 树枝, 风景, 垂直视角, 氛围感, 蓝色调, 山麓, 绿植, 远处山峰, 宁静, 柔光, 自然"
39212505,比利牛斯山麓薄雾，静谧牧场栅栏,"比利牛斯山, 波城, 法国, 群山, 牧场, 草甸, 铁丝网, 薄雾, 粉彩色调, 森林, 山丘, 乡村, 山麓, 宁静, 风景, 树木, 农田, 柔光"
39212506,波城附近，树梢渐隐朦胧粉彩山色,"比利牛斯山, 波城, 法国, 群山, 薄雾, 粉彩色调, 森林, 山丘, 阳光, 树枝, 风景, 垂直视角, 蓝色调, 山麓, 绿植, 宁静, 柔光, 树梢"
39212518,波城附近，云缠山峰下的山谷村庄全景,"比利牛斯山, 波城, 法国, 全景, 山谷, 村庄, 群山, 云朵, 蓝天, 风景, 乡村, 绿色田野, 美景, 山麓, 朦胧山峰, 广角视野, 法国西南部, 夏天, 农田"
39212519,波城附近，阳光山谷村庄与远方岩峰,"比利牛斯山, 波城, 比利牛斯-大西洋省, 法国, 山谷, 村庄, 群山, 晴朗天空, 风景, 乡村, 绿色田野, 美景, 山麓, 岩石山峰, 广角视野, 法国西南部, 夏天, 农田, 晴天"
39212520,比利牛斯山麓下，木栅栏与青翠牧场,"农业, 牧场, 农田, 木栅栏, 比利牛斯山, 波城, 法国, 乡村, 绿色田野, 树木, 群山, 山麓, 山丘, 风景, 草甸, 夏天, 农场, 风景如画, 宁静"
39212543,奥索峰耸立薄雾山麓之上,"奥索峰, 比利牛斯山, 奥索谷, 波城, 法国, 山峰, 薄雾, 风景, 树枝, 蓝色调, 山麓, 山顶, 垂直视角, 氛围感, 森林, 风景如画, 标志性山峰, 自然, 宁静, 远山"
39228266,比利牛斯-大西洋省，栗色马肖像绿意虚化,"马, 栗色马, 马的肖像, 鬃毛, 牧场, 围场, 比利牛斯-大西洋省, 法国, 法国乡村, 焦外虚化, 绿色虚化, 树干, 乡村, 农场动物, 特写, 夏天, 竖耳, 户外, 自然"
39228267,比利牛斯-大西洋省，阿基坦金牛泥地觅食,"奶牛, 阿基坦金牛, 牛群, 家畜, 牧场, 围场, 泥, 比利牛斯-大西洋省, 法国, 法国乡村, 农业, 乡村, 树叶, 焦外虚化, 夏天, 农场动物, 暖色调"
39228268,比利牛斯-大西洋省，两匹栗色马树荫下小憩,"马, 栗色马, 两匹马, 牧场, 围场, 比利牛斯-大西洋省, 法国, 法国乡村, 鬃毛, 树干, 阴影, 焦外虚化, 绿色虚化, 乡村, 农场动物, 特写, 夏天, 户外"
39228269,波城附近，比利牛斯山峰俯瞰雾村,"比利牛斯山, 群山, 波城, 比利牛斯-大西洋省, 法国, 山谷, 村庄, 薄雾, 蓝色山脉, 风景, 山坡景色, 长焦, 乡村, 夏天, 风景如画, 山丘"
39228270,波城附近，橡叶框景下的比利牛斯山麓,"比利牛斯山, 群山, 波城, 比利牛斯-大西洋省, 法国, 山谷, 全景, 橡树叶, 框景, 农田, 乡村, 绿色田野, 夏天, 风景如画, 风景, 山丘, 道路"
39228271,法国农场老石仓，黑白影像,"谷仓, 农场建筑, 乡村, 农业, 黑白, 单色, 法国, 法国乡村, 杂草丛生的小路, 波纹屋顶, 石墙, 乡村风, 农田, 棚屋, 植被, 老建筑, 农家院, 风化"
39228272,圣地亚哥朝圣之路，古树与苔痕巨石,"圣地亚哥朝圣之路, 朝圣, 树, 巨石, 冰碛, 苔藓, 群山, 比利牛斯山, 法国, 风景, 徒步小径, 乡村, 薄雾, 夏天, 风景如画, 绿色树冠, 自然"
39228273,布齐，罗马式教堂掩映绿意中,"法国, 教堂, 绿植, 繁忙, 罗马式, 树, 建筑, 石头, 户外, 欧洲, 遗产, 夏天"
39228274,勃艮第-弗朗什-孔泰，青山环抱的静谧村庄,"法国, 村庄, 安静, 勃艮第-弗朗什-孔泰, 山丘, 风景如画, 郁郁葱葱, 自然, 树木, 建筑, 户外, 欧洲"
39228275,勃艮第-弗朗什-孔泰，夏洛莱牛立于泥泞田间,"法国, 乡村, 奶牛, 勃艮第-弗朗什-孔泰, 田野, 夏洛莱牛, 泥泞, 户外, 欧洲, 比利牛斯-大西洋省, 动物"
39228699,希洪历史教堂钟楼与圆顶后殿,"希洪, 阿斯图里亚斯, 西班牙, 教堂, 钟楼, 圆顶, 遗产, 宗教建筑, 雕像, 立面, 历史建筑, 地标, 十字架, 蓝天, 建筑, 欧洲建筑, 石头建筑"
39235897,几何建筑立面，黑白斜纹,"立面, 黑白, 条纹, 几何图案, 建筑, 斜线, 纹理, 图案, 抽象, 建筑外观, 极简, 对比, 现代建筑, 特写, 对称, 铆钉, 双色"
39235898,层岩峭壁与碧绿海水相接,"悬崖, 岩石地貌, 岩层, 大海, 蓝绿色海水, 海岸线, 海岸悬崖, 纹理, 地质, 沉积岩, 自然, 侵蚀, 自然图案, 风化岩石, 日光, 风景如画"
39236039,山顶露营椅上，好友共赏金色日落,"日落, 黄金时刻, 朋友, 露营椅, 山顶, 乡村, 剪影, 生活方式, 放松, 聚会, 傍晚, 天际线, 户外休闲, 一群人, 楼梯"
39238257,欧洲公路旅行，山坡风车小憩,"风力涡轮机, 风电场, 可再生能源, 公路旅行, 汽车, 山坡, 乡村风景, 欧洲, 运动鞋, 抓拍, 乡村, 夏天, 干草, 岩石, 旅行, 风景, 散步"
39238258,锻铁栅栏上，粉红玫瑰繁茂垂落,"玫瑰, 粉色玫瑰, 红玫瑰, 花朵, 花卉, 锻铁, 栅栏, 装饰, 焦外虚化, 特写, 花园, 盛开, 花瓣, 装饰性的, 浪漫的, 鲜艳色彩"
39238259,欧洲老城街头，教堂钟楼高耸,"教堂, 钟楼, 立面, 建筑, 欧洲, 历史建筑, 玫瑰花窗, 宗教建筑, 城市街道, 城市, 汽车, 彩色建筑, 多云天空, 地标, 石头建筑, 拱形入口, 雕像, 街景"
39241472,黑白剪影，车旁静观日食,"日食, 剪影, 黑白, 单色, 昏暗天空, 沉思, 汽车, 天文事件, 天文学, 天空奇观, 黄昏, 后视, 观察, 氛围感, 探索"
39241587,车内通风口微距，暖光虚化,"微距, 车内, 通风口, 焦外虚化, 特写, 抽象, 暖光, 夜晚, 细节, 模糊, 仪表盘, 汽车, 纹理, 柔焦, 环境光, 镜头光晕"
39296054,边境牧羊犬探头绿叶间，黑白毛色分明,"黑白, 叶丛, 边境牧羊犬, 好奇, 自然, 法国, 焦外虚化, 肖像, 户外, 风景, 比利牛斯-大西洋省, 绿植"
39296055,法国花园里，红玫瑰灿然盛放,"红玫瑰, 玫瑰, 花朵, 花卉, 花园, 法国, 盛开, 花瓣, 焦外虚化, 特写, 绿叶, 夏天, 鲜艳色彩, 自然, 微距, 阳光, 玫瑰丛, 植物"
39296056,边境牧羊犬静坐绿叶丛中,"户外, 黑白, 树叶, 鲜艳, 边境牧羊犬, 柯利牧羊犬, 自然, 法国, 焦外虚化, 树, 肖像, 风景"
39359758,法国教堂内，红色长明灯映雕花祭坛,"圣地亚哥朝圣之路, 比利牛斯-大西洋省, 法国, 教堂内部, 长明灯, 祭坛, 雕刻镶板, 动态模糊, 长曝光, 刻意运镜, 虔诚, 朝圣, 暖色调, 抽象, 宗教艺术, 朝圣教堂, 天主教堂, 红光, 菱形格纹"
39359759,虚焦基督像，双臂舒展沐光而立,"圣地亚哥朝圣之路, 法国, 基督雕像, 宗教雕像, 教堂, 壁龛, 石拱门, 动态模糊, 逆光, 空灵, 虔诚, 朝圣, 圣心, 灵性, 柔焦, 抽象, 暖光, 雕塑, 天主教堂"
39359760,石墙教堂，蓝粉彩窗透光,"圣地亚哥朝圣之路, 法国, 彩色玻璃, 玫瑰花窗, 牛眼窗, 教堂窗户, 石墙, 蓝粉色, 光爆, 阳光四射, 焦外虚化, 建筑细节, 朝圣, 虔诚, 宗教艺术, 逆光, 罗马式, 朝圣教堂"
39359761,长曝光下，长明灯映雕花祭坛屏,"圣地亚哥朝圣之路, 比利牛斯-大西洋省, 法国, 长明灯, 祭坛屏, 雕刻祭坛, 菱形格纹, 长曝光, 动态模糊, 抽象, 虔诚, 朝圣, 蓝光, 暖光, 教堂内部, 刻意运镜, 宗教艺术, 天主教堂, 朝圣教堂"
39359762,圣地亚哥朝圣之路，石龛基督像与黄花,"圣地亚哥朝圣之路, 法国, 基督雕像, 石壁龛, 宗教雕塑, 拱形天花板, 黄花, 野花, 教堂, 虔诚, 朝圣, 铭文, 圣心, 石拱门, 灵性, 朝圣教堂, 天主教堂, 建筑, 花园"
39359763,昏暗拱门下，长明灯与雕花祭坛,"圣地亚哥朝圣之路, 法国, 长明灯, 祭坛, 雕刻镶板, 教堂内部, 动态模糊, 黑暗, 抽象, 虔诚, 朝圣, 蓝色调, 剪影, 建筑细节, 朝圣教堂, 天主教堂, 长曝光, 神秘, 环境光"
39359764,法国教堂内，巴洛克镀金祭坛虚焦,"圣地亚哥朝圣之路, 法国, 巴洛克祭坛画, 镀金, 祭坛, 宗教画, 圣徒, 教堂内部, 动态模糊, 虔诚, 朝圣, 金色, 华丽的, 宗教艺术, 朝圣教堂, 天主教堂, 蓝光, 圣体龛"
39359765,教堂暗影中，双窗透光朦胧,"圣地亚哥朝圣之路, 法国, 抽象, 动态模糊, 教堂内部, 黑暗, 沉思, 窗户, 极简主义, 忧郁, 长曝光, 朝圣, 虔诚, 灵性, 冥想, 弱光, 剪影, 朝圣教堂, 环境光"
39359766,阳光透窗，巴洛克祭坛画熠熠生辉,"圣地亚哥朝圣之路, 法国, 巴洛克祭坛画, 镀金, 教堂内部, 宗教画, 圣徒, 窗户, 朝圣, 虔诚, 教会建筑, 华丽的, 宗教艺术, 朝圣教堂, 天主教堂, 石墙, 阳光, 后殿, 圣所"
39363486,法国教堂暗处，烛焰光轨抽象唯美,"烛焰, 光轨, 长曝光, 光绘, 抽象, 橙光, 动态模糊, 教堂, 法国, 比利牛斯-大西洋省, 夜间摄影, 暖色调, 灵性, 虔诚, 纪念蜡烛, 许愿蜡烛, 火, 光辉, 神秘"
39363487,法国小教堂内，烛光静静摇曳,"纪念蜡烛, 许愿蜡烛, 烛光, 黑暗, 沉思, 教堂, 小教堂, 法国, 比利牛斯-大西洋省, 纪念, 守夜, 弱光, 暖光, 灵性, 虔诚, 夜间摄影, 安静, 庄严, 火焰"
39376205,蓝天下波尔多吉伦特纪念碑天使雕像,"法国, 天空, 蓝天, 纪念碑, 雕塑, 波尔多, 吉伦特党人纪念碑, 天使, 吉伦特人, 壮丽, 建筑, 户外"
39376206,波尔多自由女神铜像，断链象征,"波尔多, 法国, 吉伦特省, 吉伦特党人纪念碑, 自由女神像, 胜利女神像, 青铜雕塑, 带翼雕像, 断链, 月桂花环, 蓝天, 低角度, 地标, 历史古迹, 公共艺术, 雕塑细节, 特写, 晴天, 法国遗产"
39386271,波尔多吉伦特喷泉，雕塑与飞溅水花,"水, 纪念碑, 雕塑, 雕像, 波尔多, 吉伦特党人纪念碑, 喷泉, 法国, 户外, 欧洲, 遗产, 夏天"
39386272,波尔多吉伦特喷泉，骏马与小天使雕塑,"波尔多, 法国, 吉伦特省, 吉伦特党人纪念碑, 喷泉, 青铜雕像, 马雕塑, 小天使, 水花, 公共广场, 地标, 历史古迹, 石基座, 雕塑群, 法国遗产, 夏日, 蓝天, 城市纪念碑, 寓言人物"
39386273,波尔多吉伦特纪念喷泉，月桂青铜像,"波尔多, 法国, 吉伦特省, 吉伦特党人纪念碑, 喷泉, 青铜雕像, 月桂花环, 橄榄枝, 寓言人物, 水花, 雕塑, 地标, 历史古迹, 公共广场, 法国遗产, 夏日, 特写, 古典雕塑, 城市纪念碑"
39386274,波尔多吉伦特党人纪念碑雕像细节,"法国, 细节, 雕像, 波尔多, 吉伦特党人纪念碑, 建筑, 石头, 肖像, 户外, 欧洲, 遗产, 地标"
39423920,伊伦街角银色轿车与蓝色转弯标志,"墙, 巴斯克地区, 伊伦, 停放的汽车, 右转标志, 银色汽车, 户外, 欧洲, 影子, 窗户, 吉普斯夸, 城市景观"
39423921,伊伦市政厅古典建筑,"建筑, 西班牙, 巴斯克地区, 伊伦, 拱门, 市政厅, 树, 户外, 欧洲, 遗产, 夏天, 地标"
39423922,伊伦老城多彩建筑，巴斯克风情,"建筑, 多彩, 传统, 伊伦, 老城, 小镇, 巴斯克, 户外, 欧洲, 风景, 旅行"
39423923,伊伦梯田石墙，黑白影像,"伊伦, 吉普斯夸, 巴斯克地区, 西班牙, 黑白, 单色, 石墙, 梯田墙, 挡土墙, 街景, 城市景观, 消防栓, 建筑, 铁栏杆, 树木, 现代建筑, 城市街道, 极简"
39423924,伊伦粉色公寓楼，巴斯克十字标志,"伊伦, 吉普斯夸, 巴斯克地区, 西班牙, 巴斯克十字, 巴斯克标志, 公寓楼, 粉色外墙, 住宅建筑, 石阶, 路灯, 阳台, 城市, 小镇, 建筑细节, 西班牙旅行, 巴斯克文化, 安静的街道"
39434688,斑驳老门特写，铆钉与剥落漆面,"纹理, 复古, 特写, 细节, 门, 风化, 剥落的油漆, 铆钉, 欧洲, 木头, 历史, 经典"
39434689,巴斯克地区苔藓溪流俯瞰,"小溪, 溪流, 吉普斯夸, 巴斯克地区, 西班牙, 岩石, 水生植物, 苔藓, 自然, 俯视图, 微距, 泥泞, 绿色, 水, 林地, 特写, 自然纹理, 荒野"
39434690,棒球帽墨镜男子，虚化背景,"男人, 肖像, 棒球帽, 太阳镜, 焦外虚化, 街头摄影, 抓拍, 背景虚化, 夏天, 晴天, 城市, 生活方式, 年轻男子, 胡须, 休闲风格, 户外人像, 现代建筑, 晴朗天空"
39434691,伊伦骑行者掠过斑驳绿门,"伊伦, 吉普斯夸, 巴斯克地区, 西班牙, 骑行者, 自行车, 绿色门, 风化的门, 建筑, 街头摄影, 老人, 安全背心, 背包, 历史建筑, 抓拍, 城市场景, 石门, 华丽的门"
39434692,墨镜白帽男子特写肖像,"男人, 肖像, 特写, 棒球帽, 太阳镜, 焦外虚化, 胡须, 街头摄影, 抓拍, 背景虚化, 夏天, 晴天, 城市, 生活方式, 年轻男子, 休闲风格, 户外人像, 头像照, 晴朗天空"
39455692,仰视圣地亚哥-德孔波斯特拉大教堂立面,"圣地亚哥-德孔波斯特拉大教堂, 加利西亚, 西班牙, 圣地亚哥朝圣之路, 巴洛克建筑, 奥布拉多伊罗立面, 钟楼, 尖塔, 朝圣之路, 宗教地标, 联合国教科文组织世界遗产, 石头外墙, 低角度视角, 蓝天, 历史建筑, 奥布拉多伊罗广场, 朝圣目的地, 晴天, 欧洲旅行, 教堂塔楼"
39455693,圣地亚哥-德孔波斯特拉，朦胧霞光映星像,"雕像, 星星, 阳光四射, 圣地亚哥-德孔波斯特拉, 加利西亚, 西班牙, 圣地亚哥朝圣之路, 历史地标, 历史建筑, 低角度, 逆光, 阳光耀斑, 朦胧光线, 石雕, 屋顶, 老城, 宗教雕像, 朝圣, 蓝天, 华丽雕塑"
39455694,圣地亚哥-德孔波斯特拉，星顶雕像俯瞰屋顶,"雕像, 星星, 圣地亚哥-德孔波斯特拉, 加利西亚, 西班牙, 圣地亚哥朝圣之路, 历史地标, 历史建筑, 低角度, 晴朗天空, 石雕, 屋顶, 老城, 宗教雕像, 朝圣, 阳光, 华丽雕塑, 尖塔, 尖顶, 中世纪街区"
39516999,西班牙屋顶石栏杆与复古灯饰,"西班牙, 屋顶, 栏杆, 石栏杆, 复古灯, 建筑, 户外, 欧洲, 城市, 历史, 长焦, 城市景观"
39517000,加利西亚银匠式建筑地标特写,"地标, 西班牙, 晴天, 建筑, 银匠式风格, 石头, 户外, 欧洲, 遗产, 旅游, 旅行"
39517001,加利西亚历史建筑立面，朱蕉点缀,"朱蕉, 监控摄像头, 建筑立面, 红色窗框, 停车标志, 红绿灯, 西班牙, 加利西亚, 街景, 城市建筑, 监控, 石头建筑, 欧洲街道, 观赏植物, 市中心, 路标, 晴天, 历史建筑, 城市细节"
39517013,加利西亚花园抓拍，粉花喷泉相伴,"街头摄影, 抓拍, 花园, 公园, 粉色花朵, 喷泉, 人物, 男孩, 水瓶, 西班牙, 加利西亚, 夏天, 晴天, 石凳, 旅行, 日常生活, 城市公园, 游客, 开花灌木, 遮荫树"
39532048,粉色波斯菊特写，绿意虚化,"花, 背景, 特写, 宇宙, 自然, 焦外虚化, 户外, 夏天, 风景, 对比, 植物, 纹理"
39532049,加利西亚红瓦排屋与三角梅,"排屋, 红瓦屋顶, 老虎窗, 三角梅, 住宅建筑, 重复, 西班牙, 加利西亚, 行道树, 石头外墙, 夏天, 晴天, 欧洲郊区, 建筑图案, 对称, 花园树篱, 安静的街道, 城镇景观, 郊区住宅, 城市节奏"
39532050,阳光下粉白波斯菊，娇美动人,"波斯菊, 微距摄影, 粉色花朵, 焦外虚化, 花园, 花卉, 特写, 精致花瓣, 黄色花蕊, 夏日花开, 柔焦, 自然, 花苞, 浅景深, 植物, 阳光, 粉彩色, 野花, 开花植物"
39550972,里瓦德奥礁石上栖息的鸬鹚,"鸬鹚, 海鸟, 里瓦德奥, 卢戈, 加利西亚, 西班牙, 海岸野生动物, 岩石地貌, 海洋, 长焦, 野生动物摄影, 蓝绿色海水, 大西洋海岸, 岩架, 鸟群, 自然, 海景, 晴天, 海岸悬崖"
39550973,海崖上的鸬鹚群，浪花拍岸,"鸬鹚, 海鸟, 鸟粪, 海崖, 里瓦德奥, 卢戈, 加利西亚, 西班牙, 拍岸浪花, 海浪飞沫, 大西洋海岸, 海岸野生动物, 复理石, 野生动物摄影, 海景, 岩石地貌, 鸟群, 自然, 浪花, 蓝绿色海水"
39550974,里瓦德奥层岩海岸与碧绿海水,"里瓦德奥, 卢戈, 加利西亚, 西班牙, 复理石地层, 海崖, 蓝绿色海水, 大西洋海岸, 海岸风景, 海浪, 岩层, 悬崖侵蚀, 海景, 自然, 崎岖海岸, 地质, 浪花, 夏天, 晴天, 壮丽景色"
39564913,里瓦德奥奇岩间的狭窄海湾,"大教堂海滩, 里瓦德奥, 卢戈, 加利西亚, 西班牙, 海边峡谷, 复理石, 岩石地貌, 大西洋海岸, 蓝绿色海水, 海岸风景, 天然拱, 悬崖, 海景, 地质, 自然, 夏天, 晴天, 壮观海岸线"
39564914,里瓦德奥风化悬崖间的海湾,"大教堂海滩, 里瓦德奥, 卢戈, 加利西亚, 西班牙, 海边峡谷, 复理石, 地平线, 大西洋海岸, 蓝绿色海水, 海岸风景, 风化悬崖, 海景, 地质, 自然, 天际线, 夏天, 晴朗天空, 壮观海岸线"
39564915,里瓦德奥平静海面小船剪影,"单色, 黑白, 船, 乘客, 里瓦德奥, 卢戈, 加利西亚, 西班牙, 大海, 平静的水面, 水上交通工具, 刚性充气艇, 海岸游览, 大西洋, 航迹, 极简, 海景, 海事, 游客, 夏天"
39564916,卢戈桉树山坡蓝雾缭绕,"桉树林, 卢戈, 加利西亚, 西班牙, 雾中山丘, 雾, 蓝色薄雾, 自然, 林地, 忧郁风景, 氛围感, 松树, 山坡, 阴天, 宁静, 加利西亚乡村, 山林, 薄雾, 柔和色调, 剪影"
39564917,里瓦德奥海面渔船剪影，黑白,"单色, 黑白, 渔船, 潜水船, 里瓦德奥, 卢戈, 加利西亚, 西班牙, 大海, 水上交通工具, 船尾浪, 大西洋, 海岸游览, 海事, 极简, 海景, 开阔水域, 平静的海, 夏天, 游客"
39564918,里瓦德奥大教堂海滩岩拱全景,"大教堂海滩, 里瓦德奥, 卢戈, 加利西亚, 西班牙, 全景, 岩拱, 复理石地层, 大西洋海岸, 蓝绿色海水, 航拍, 海岸风景, 自然纪念地, 海景, 地质, 悬崖, 夏天, 旅游景点, 侵蚀"
39575545,极简夜景，一点橙光独亮,"抽象, 极简, 黑暗, 夜晚, 橙光, 光辉, 焦外虚化, 模糊, 谜团, 弱光, 黑色背景, 光点, 夜间摄影, 忧郁, 氛围感, 负空间, 概念, 环境光, 加利西亚, 西班牙"
39575546,蓝天下山坡上的风力发电机,"风力涡轮机, 风电场, 可再生能源, 加利西亚, 西班牙, 清洁能源, 晴朗天空, 山坡, 土路, 可持续性, 乡村风景, 夏天, 晴天, 乡村, 风能, 能源设施, 松树, 蓝天, 螺旋桨叶片"
39575547,加利西亚山间碎石路通向风车,"风力涡轮机, 风电场, 可再生能源, 加利西亚, 西班牙, 碎石小径, 山坡, 晴朗天空, 乡村, 乡村风景, 松树, 夏天, 晴天, 清洁能源, 风能, 徒步小径, 绿色山丘, 可持续性, 蓝天, 地平线"
39575548,加利西亚山顶岩石与孤松,"岩石露头, 松树, 加利西亚, 西班牙, 石南荒地, 野草, 荆豆, 山坡, 乡村, 乡村风景, 晴朗天空, 夏天, 晴天, 自然, 荒野, 花岗岩, 灌木丛, 蓝天, 崎岖地形, 野生植物"
39595391,加利西亚壮丽银河与星空,"天空, 西班牙, 星星, 繁星, 银河, 加利西亚, 自然, 欧洲, 风景, 天际线, 剪影, 晴朗天空"
39595392,加利西亚星空，仙女座清晰可见,"夜空, 银河, 仙女座星系, 星星, 天文摄影, 加利西亚, 西班牙, 树影, 光污染, 天空光晕, 星空, 深邃天空, 长曝光, 黑暗天空, 夜景, 宇宙, 观星, 乡村夜景, 夏夜"
39632228,雾中月色下的松树剪影,"松树, 剪影, 夜空, 月光, 月出, 雾, 薄雾, 雾中山坡, 黑暗风景, 自然, 忧郁氛围, 夜景, 宁静, 极简, 乡村, 逆光, 光辉, 户外, 常绿树"
39632229,雾夜松枝间迸射的光芒,"松树, 剪影, 光爆, 夜空, 月光, 雾, 薄雾, 太阳星芒, 光芒, 自然, 忧郁氛围, 夜景, 宁静, 戏剧性光线, 逆光, 光辉, 户外, 乡村, 常绿树, 长曝光"
39632230,抽象红色光轨，勾勒发光十字,"抽象, 光绘, 光轨, 霓虹, 红色, 长曝光, 实验摄影, 极简主义, 十字形, 黑色背景, 光辉, 鲜艳色彩, 夜间摄影, 动态模糊, 未来主义, 能量, 创意艺术, 几何, 发光的, 深黑色"
39650070,卢戈夜空下的银河与繁星,"银河, 夜空, 星星, 天文摄影, 卢戈, 加利西亚, 西班牙, 星座, 星空, 黑暗天空, 长曝光, 夜景, 宇宙, 太空, 乡村夜景, 晴朗天空, 天体, 观星, 地平线光辉"
39670619,希洪现代图书馆玻璃书架,"图书馆, 书架, 玻璃架, 黑白, 单色, 现代建筑, 室内设计, 希洪, 阿斯图里亚斯, 西班牙, 教育, 书籍, 极简, 对称, 白色地板, 阅览室, 现代, 空荡室内, 几何, 文化中心"
39670620,阴云下的希洪天际线与拉沃拉尔塔,"天际线, 钟楼, 拉沃拉尔塔, 希洪, 阿斯图里亚斯, 西班牙, 地标, 遗产建筑, 黑白, 单色, 巴洛克塔楼, 多云天空, 历史建筑, 尖顶, 十字架, 风向标, 阴天, 戏剧性天空, 纪念碑"
39670621,透过树影望向希洪拉沃拉尔塔楼,"拉沃拉尔塔, 钟楼, 希洪, 阿斯图里亚斯, 西班牙, 地标, 遗产, 巴洛克建筑, 尖顶, 树, 现代屋顶, 蓝色屋顶, 阴天天空, 历史古迹, 希洪劳动大学城, 十字架, 长焦, 城市景观, 对比"
39670622,希洪拉沃拉尔文化城全景，黑白影像,"拉沃拉尔文化城, 钟楼, 圆顶, 希洪, 阿斯图里亚斯, 西班牙, 地标, 遗产建筑, 黑白, 单色, 历史建筑, 巴洛克塔楼, 修道院风格, 尖顶, 十字架, 多云天空, 纪念碑, 希洪劳动大学城, 宏伟立面"
39670623,希洪拉沃拉尔塔楼与圆顶掩映树间,"拉沃拉尔塔, 圆顶, 钟楼, 希洪, 阿斯图里亚斯, 西班牙, 地标, 遗产, 巴洛克建筑, 尖顶, 树木, 历史建筑, 十字架, 蓝天, 纪念碑, 希洪劳动大学城, 校园, 文化中心, 宏伟立面"
39670624,希洪红白别墅掩映山林间,"别墅, 豪宅, 红白外墙, 希洪, 阿斯图里亚斯, 西班牙, 建筑, 长焦, 印第安诺别墅, 山坡, 树木, 塔楼, 华丽建筑, 历史房屋, 住宅, 尖顶屋顶, 美好年代, 乡村, 森林, 远景"
39670625,科林斯柱中庭与玻璃屋顶，黑白影像,"中庭, 柱廊, 科林斯柱, 玻璃屋顶, 黑白, 单色, 建筑, 庭院, 拱门, 历史建筑, 对称, 古典建筑, 室内, 大厅, 石柱, 天窗, 几何图案, 宏伟的, 透视"
39670626,仰视石柱，黑白光影强烈,"石柱, 柱廊, 低角度, 黑白, 单色, 建筑, 阳台, 栏杆, 庭院, 古典建筑, 强烈阴影, 历史建筑, 拱廊, 宏伟的, 透视, 纹理, 宏伟立面, 石头纹理, 竖构图"
39670627,从运动场眺望希洪拉沃拉尔文化城校园,"拉沃拉尔文化城, 校园, 钟楼, 圆顶, 希洪, 阿斯图里亚斯, 西班牙, 地标, 遗产建筑, 运动场, 多云天空, 历史建筑, 希洪劳动大学城, 广角视野, 宏伟立面, 阴天, 绿色田野, 文化中心, 全景的, 纪念碑"
39670628,希洪拉沃拉尔文化城黑白立面,"拉沃拉尔文化城, 立面, 钟楼, 圆顶, 希洪, 阿斯图里亚斯, 西班牙, 地标, 遗产建筑, 黑白, 单色, 历史建筑, 停车场, 戏剧性天空, 希洪劳动大学城, 宏伟建筑, 文化中心, 纪念碑, 风暴云, 广角"
